threshold,sensitivity,specificity,accuracy,precision,f1,tn,fp,fn,tp,meets_constraints
0.0,1.0,0.0,0.36548223350253806,0.36548223350253806,0.5353159851301115,0,125,0,72,False
0.001,1.0,0.0,0.36548223350253806,0.36548223350253806,0.5353159851301115,0,125,0,72,False
0.002,1.0,0.0,0.36548223350253806,0.36548223350253806,0.5353159851301115,0,125,0,72,False
0.003,1.0,0.0,0.36548223350253806,0.36548223350253806,0.5353159851301115,0,125,0,72,False
0.004,1.0,0.0,0.36548223350253806,0.36548223350253806,0.5353159851301115,0,125,0,72,False
0.005,1.0,0.0,0.36548223350253806,0.36548223350253806,0.5353159851301115,0,125,0,72,False
0.006,1.0,0.0,0.36548223350253806,0.36548223350253806,0.5353159851301115,0,125,0,72,False
0.007,1.0,0.0,0.36548223350253806,0.36548223350253806,0.5353159851301115,0,125,0,72,False
0.008,1.0,0.0,0.36548223350253806,0.36548223350253806,0.5353159851301115,0,125,0,72,False
0.009000000000000001,1.0,0.0,0.36548223350253806,0.36548223350253806,0.5353159851301115,0,125,0,72,False
0.01,1.0,0.0,0.36548223350253806,0.36548223350253806,0.5353159851301115,0,125,0,72,False
0.011,1.0,0.0,0.36548223350253806,0.36548223350253806,0.5353159851301115,0,125,0,72,False
0.012,1.0,0.0,0.36548223350253806,0.36548223350253806,0.5353159851301115,0,125,0,72,False
0.013000000000000001,1.0,0.0,0.36548223350253806,0.36548223350253806,0.5353159851301115,0,125,0,72,False
0.014,1.0,0.0,0.36548223350253806,0.36548223350253806,0.5353159851301115,0,125,0,72,False
0.015,1.0,0.0,0.36548223350253806,0.36548223350253806,0.5353159851301115,0,125,0,72,False
0.016,1.0,0.0,0.36548223350253806,0.36548223350253806,0.5353159851301115,0,125,0,72,False
0.017,1.0,0.0,0.36548223350253806,0.36548223350253806,0.5353159851301115,0,125,0,72,False
0.018000000000000002,1.0,0.0,0.36548223350253806,0.36548223350253806,0.5353159851301115,0,125,0,72,False
0.019,1.0,0.0,0.36548223350253806,0.36548223350253806,0.5353159851301115,0,125,0,72,False
0.02,1.0,0.0,0.36548223350253806,0.36548223350253806,0.5353159851301115,0,125,0,72,False
0.021,1.0,0.0,0.36548223350253806,0.36548223350253806,0.5353159851301115,0,125,0,72,False
0.022,1.0,0.0,0.36548223350253806,0.36548223350253806,0.5353159851301115,0,125,0,72,False
0.023,1.0,0.0,0.36548223350253806,0.36548223350253806,0.5353159851301115,0,125,0,72,False
0.024,1.0,0.0,0.36548223350253806,0.36548223350253806,0.5353159851301115,0,125,0,72,False
0.025,1.0,0.0,0.36548223350253806,0.36548223350253806,0.5353159851301115,0,125,0,72,False
0.026000000000000002,1.0,0.0,0.36548223350253806,0.36548223350253806,0.5353159851301115,0,125,0,72,False
0.027,1.0,0.0,0.36548223350253806,0.36548223350253806,0.5353159851301115,0,125,0,72,False
0.028,1.0,0.0,0.36548223350253806,0.36548223350253806,0.5353159851301115,0,125,0,72,False
0.029,1.0,0.0,0.36548223350253806,0.36548223350253806,0.5353159851301115,0,125,0,72,False
0.03,1.0,0.008,0.37055837563451777,0.3673469387755102,0.5373134328358209,1,124,0,72,False
0.031,1.0,0.008,0.37055837563451777,0.3673469387755102,0.5373134328358209,1,124,0,72,False
0.032,1.0,0.008,0.37055837563451777,0.3673469387755102,0.5373134328358209,1,124,0,72,False
0.033,1.0,0.008,0.37055837563451777,0.3673469387755102,0.5373134328358209,1,124,0,72,False
0.034,1.0,0.008,0.37055837563451777,0.3673469387755102,0.5373134328358209,1,124,0,72,False
0.035,1.0,0.008,0.37055837563451777,0.3673469387755102,0.5373134328358209,1,124,0,72,False
0.036000000000000004,1.0,0.008,0.37055837563451777,0.3673469387755102,0.5373134328358209,1,124,0,72,False
0.037,1.0,0.008,0.37055837563451777,0.3673469387755102,0.5373134328358209,1,124,0,72,False
0.038,1.0,0.008,0.37055837563451777,0.3673469387755102,0.5373134328358209,1,124,0,72,False
0.039,1.0,0.008,0.37055837563451777,0.3673469387755102,0.5373134328358209,1,124,0,72,False
0.04,1.0,0.016,0.3756345177664975,0.36923076923076925,0.5393258426966292,2,123,0,72,False
0.041,1.0,0.016,0.3756345177664975,0.36923076923076925,0.5393258426966292,2,123,0,72,False
0.042,1.0,0.024,0.38071065989847713,0.3711340206185567,0.5413533834586466,3,122,0,72,False
0.043000000000000003,1.0,0.032,0.38578680203045684,0.37305699481865284,0.5433962264150943,4,121,0,72,False
0.044,1.0,0.032,0.38578680203045684,0.37305699481865284,0.5433962264150943,4,121,0,72,False
0.045,1.0,0.032,0.38578680203045684,0.37305699481865284,0.5433962264150943,4,121,0,72,False
0.046,1.0,0.032,0.38578680203045684,0.37305699481865284,0.5433962264150943,4,121,0,72,False
0.047,1.0,0.032,0.38578680203045684,0.37305699481865284,0.5433962264150943,4,121,0,72,False
0.048,1.0,0.032,0.38578680203045684,0.37305699481865284,0.5433962264150943,4,121,0,72,False
0.049,1.0,0.032,0.38578680203045684,0.37305699481865284,0.5433962264150943,4,121,0,72,False
0.05,1.0,0.032,0.38578680203045684,0.37305699481865284,0.5433962264150943,4,121,0,72,False
0.051000000000000004,1.0,0.032,0.38578680203045684,0.37305699481865284,0.5433962264150943,4,121,0,72,False
0.052000000000000005,1.0,0.032,0.38578680203045684,0.37305699481865284,0.5433962264150943,4,121,0,72,False
0.053,1.0,0.032,0.38578680203045684,0.37305699481865284,0.5433962264150943,4,121,0,72,False
0.054,1.0,0.032,0.38578680203045684,0.37305699481865284,0.5433962264150943,4,121,0,72,False
0.055,1.0,0.04,0.39086294416243655,0.375,0.5454545454545454,5,120,0,72,False
0.056,1.0,0.04,0.39086294416243655,0.375,0.5454545454545454,5,120,0,72,False
0.057,1.0,0.04,0.39086294416243655,0.375,0.5454545454545454,5,120,0,72,False
0.058,1.0,0.048,0.39593908629441626,0.3769633507853403,0.5475285171102662,6,119,0,72,False
0.059000000000000004,1.0,0.048,0.39593908629441626,0.3769633507853403,0.5475285171102662,6,119,0,72,False
0.06,1.0,0.048,0.39593908629441626,0.3769633507853403,0.5475285171102662,6,119,0,72,False
0.061,1.0,0.056,0.4010152284263959,0.37894736842105264,0.549618320610687,7,118,0,72,False
0.062,1.0,0.064,0.40609137055837563,0.38095238095238093,0.5517241379310345,8,117,0,72,False
0.063,1.0,0.064,0.40609137055837563,0.38095238095238093,0.5517241379310345,8,117,0,72,False
0.064,1.0,0.064,0.40609137055837563,0.38095238095238093,0.5517241379310345,8,117,0,72,False
0.065,1.0,0.064,0.40609137055837563,0.38095238095238093,0.5517241379310345,8,117,0,72,False
0.066,1.0,0.08,0.41624365482233505,0.3850267379679144,0.555984555984556,10,115,0,72,False
0.067,1.0,0.08,0.41624365482233505,0.3850267379679144,0.555984555984556,10,115,0,72,False
0.068,1.0,0.08,0.41624365482233505,0.3850267379679144,0.555984555984556,10,115,0,72,False
0.069,1.0,0.088,0.4213197969543147,0.3870967741935484,0.5581395348837209,11,114,0,72,False
0.07,1.0,0.104,0.43147208121827413,0.391304347826087,0.5625,13,112,0,72,False
0.07100000000000001,1.0,0.112,0.4365482233502538,0.39344262295081966,0.5647058823529412,14,111,0,72,False
0.07200000000000001,1.0,0.112,0.4365482233502538,0.39344262295081966,0.5647058823529412,14,111,0,72,False
0.073,1.0,0.112,0.4365482233502538,0.39344262295081966,0.5647058823529412,14,111,0,72,False
0.074,1.0,0.12,0.4416243654822335,0.3956043956043956,0.5669291338582677,15,110,0,72,False
0.075,1.0,0.12,0.4416243654822335,0.3956043956043956,0.5669291338582677,15,110,0,72,False
0.076,1.0,0.12,0.4416243654822335,0.3956043956043956,0.5669291338582677,15,110,0,72,False
0.077,1.0,0.128,0.4467005076142132,0.39779005524861877,0.5691699604743083,16,109,0,72,False
0.078,1.0,0.128,0.4467005076142132,0.39779005524861877,0.5691699604743083,16,109,0,72,False
0.079,1.0,0.128,0.4467005076142132,0.39779005524861877,0.5691699604743083,16,109,0,72,False
0.08,1.0,0.128,0.4467005076142132,0.39779005524861877,0.5691699604743083,16,109,0,72,False
0.081,1.0,0.128,0.4467005076142132,0.39779005524861877,0.5691699604743083,16,109,0,72,False
0.082,1.0,0.144,0.45685279187817257,0.4022346368715084,0.5737051792828686,18,107,0,72,False
0.083,1.0,0.144,0.45685279187817257,0.4022346368715084,0.5737051792828686,18,107,0,72,False
0.084,1.0,0.152,0.4619289340101523,0.4044943820224719,0.576,19,106,0,72,False
0.085,1.0,0.152,0.4619289340101523,0.4044943820224719,0.576,19,106,0,72,False
0.08600000000000001,1.0,0.16,0.467005076142132,0.4067796610169492,0.5783132530120482,20,105,0,72,False
0.08700000000000001,1.0,0.168,0.4720812182741117,0.4090909090909091,0.5806451612903226,21,104,0,72,False
0.088,1.0,0.184,0.48223350253807107,0.41379310344827586,0.5853658536585366,23,102,0,72,False
0.089,1.0,0.184,0.48223350253807107,0.41379310344827586,0.5853658536585366,23,102,0,72,False
0.09,1.0,0.192,0.4873096446700508,0.4161849710982659,0.5877551020408164,24,101,0,72,False
0.091,1.0,0.192,0.4873096446700508,0.4161849710982659,0.5877551020408164,24,101,0,72,False
0.092,1.0,0.192,0.4873096446700508,0.4161849710982659,0.5877551020408164,24,101,0,72,False
0.093,1.0,0.192,0.4873096446700508,0.4161849710982659,0.5877551020408164,24,101,0,72,False
0.094,1.0,0.192,0.4873096446700508,0.4161849710982659,0.5877551020408164,24,101,0,72,False
0.095,1.0,0.2,0.49238578680203043,0.4186046511627907,0.5901639344262295,25,100,0,72,False
0.096,1.0,0.2,0.49238578680203043,0.4186046511627907,0.5901639344262295,25,100,0,72,False
0.097,1.0,0.2,0.49238578680203043,0.4186046511627907,0.5901639344262295,25,100,0,72,False
0.098,1.0,0.2,0.49238578680203043,0.4186046511627907,0.5901639344262295,25,100,0,72,False
0.099,1.0,0.2,0.49238578680203043,0.4186046511627907,0.5901639344262295,25,100,0,72,False
0.1,1.0,0.208,0.49746192893401014,0.42105263157894735,0.5925925925925926,26,99,0,72,False
0.101,1.0,0.208,0.49746192893401014,0.42105263157894735,0.5925925925925926,26,99,0,72,False
0.10200000000000001,1.0,0.216,0.5025380710659898,0.4235294117647059,0.5950413223140496,27,98,0,72,False
0.10300000000000001,1.0,0.216,0.5025380710659898,0.4235294117647059,0.5950413223140496,27,98,0,72,False
0.10400000000000001,1.0,0.216,0.5025380710659898,0.4235294117647059,0.5950413223140496,27,98,0,72,False
0.105,1.0,0.216,0.5025380710659898,0.4235294117647059,0.5950413223140496,27,98,0,72,False
0.106,1.0,0.232,0.5126903553299492,0.42857142857142855,0.6,29,96,0,72,False
0.107,1.0,0.232,0.5126903553299492,0.42857142857142855,0.6,29,96,0,72,False
0.108,1.0,0.232,0.5126903553299492,0.42857142857142855,0.6,29,96,0,72,False
0.109,1.0,0.232,0.5126903553299492,0.42857142857142855,0.6,29,96,0,72,False
0.11,1.0,0.232,0.5126903553299492,0.42857142857142855,0.6,29,96,0,72,False
0.111,1.0,0.24,0.5177664974619289,0.4311377245508982,0.602510460251046,30,95,0,72,False
0.112,1.0,0.248,0.5228426395939086,0.43373493975903615,0.6050420168067226,31,94,0,72,False
0.113,1.0,0.248,0.5228426395939086,0.43373493975903615,0.6050420168067226,31,94,0,72,False
0.114,1.0,0.248,0.5228426395939086,0.43373493975903615,0.6050420168067226,31,94,0,72,False
0.115,1.0,0.248,0.5228426395939086,0.43373493975903615,0.6050420168067226,31,94,0,72,False
0.116,1.0,0.248,0.5228426395939086,0.43373493975903615,0.6050420168067226,31,94,0,72,False
0.117,1.0,0.248,0.5228426395939086,0.43373493975903615,0.6050420168067226,31,94,0,72,False
0.11800000000000001,1.0,0.248,0.5228426395939086,0.43373493975903615,0.6050420168067226,31,94,0,72,False
0.11900000000000001,1.0,0.248,0.5228426395939086,0.43373493975903615,0.6050420168067226,31,94,0,72,False
0.12,1.0,0.248,0.5228426395939086,0.43373493975903615,0.6050420168067226,31,94,0,72,False
0.121,1.0,0.256,0.5279187817258884,0.43636363636363634,0.6075949367088608,32,93,0,72,False
0.122,1.0,0.272,0.5380710659898477,0.44171779141104295,0.6127659574468085,34,91,0,72,False
0.123,1.0,0.28,0.5431472081218274,0.4444444444444444,0.6153846153846153,35,90,0,72,False
0.124,0.9861111111111112,0.296,0.5482233502538071,0.44654088050314467,0.6147186147186147,37,88,1,71,False
0.125,0.9861111111111112,0.304,0.5532994923857868,0.44936708860759494,0.6173913043478261,38,87,1,71,False
0.126,0.9861111111111112,0.304,0.5532994923857868,0.44936708860759494,0.6173913043478261,38,87,1,71,False
0.127,0.9861111111111112,0.32,0.5634517766497462,0.4551282051282051,0.6228070175438597,40,85,1,71,False
0.128,0.9861111111111112,0.32,0.5634517766497462,0.4551282051282051,0.6228070175438597,40,85,1,71,False
0.129,0.9861111111111112,0.328,0.5685279187817259,0.45806451612903226,0.6255506607929516,41,84,1,71,False
0.13,0.9861111111111112,0.328,0.5685279187817259,0.45806451612903226,0.6255506607929516,41,84,1,71,False
0.131,0.9861111111111112,0.328,0.5685279187817259,0.45806451612903226,0.6255506607929516,41,84,1,71,False
0.132,0.9861111111111112,0.328,0.5685279187817259,0.45806451612903226,0.6255506607929516,41,84,1,71,False
0.133,0.9861111111111112,0.328,0.5685279187817259,0.45806451612903226,0.6255506607929516,41,84,1,71,False
0.134,0.9861111111111112,0.328,0.5685279187817259,0.45806451612903226,0.6255506607929516,41,84,1,71,False
0.135,0.9861111111111112,0.328,0.5685279187817259,0.45806451612903226,0.6255506607929516,41,84,1,71,False
0.136,0.9861111111111112,0.328,0.5685279187817259,0.45806451612903226,0.6255506607929516,41,84,1,71,False
0.137,0.9861111111111112,0.344,0.5786802030456852,0.46405228758169936,0.6311111111111111,43,82,1,71,False
0.138,0.9861111111111112,0.352,0.583756345177665,0.46710526315789475,0.6339285714285715,44,81,1,71,False
0.139,0.9861111111111112,0.352,0.583756345177665,0.46710526315789475,0.6339285714285715,44,81,1,71,False
0.14,0.9861111111111112,0.352,0.583756345177665,0.46710526315789475,0.6339285714285715,44,81,1,71,False
0.14100000000000001,0.9861111111111112,0.352,0.583756345177665,0.46710526315789475,0.6339285714285715,44,81,1,71,False
0.14200000000000002,0.9861111111111112,0.352,0.583756345177665,0.46710526315789475,0.6339285714285715,44,81,1,71,False
0.14300000000000002,0.9861111111111112,0.36,0.5888324873096447,0.47019867549668876,0.6367713004484306,45,80,1,71,False
0.14400000000000002,0.9861111111111112,0.36,0.5888324873096447,0.47019867549668876,0.6367713004484306,45,80,1,71,False
0.145,0.9861111111111112,0.36,0.5888324873096447,0.47019867549668876,0.6367713004484306,45,80,1,71,False
0.146,0.9861111111111112,0.368,0.5939086294416244,0.47333333333333333,0.6396396396396395,46,79,1,71,False
0.147,0.9861111111111112,0.368,0.5939086294416244,0.47333333333333333,0.6396396396396395,46,79,1,71,False
0.148,0.9861111111111112,0.368,0.5939086294416244,0.47333333333333333,0.6396396396396395,46,79,1,71,False
0.149,0.9861111111111112,0.368,0.5939086294416244,0.47333333333333333,0.6396396396396395,46,79,1,71,False
0.15,0.9722222222222222,0.368,0.5888324873096447,0.4697986577181208,0.6334841628959276,46,79,2,70,False
0.151,0.9722222222222222,0.368,0.5888324873096447,0.4697986577181208,0.6334841628959276,46,79,2,70,False
0.152,0.9722222222222222,0.368,0.5888324873096447,0.4697986577181208,0.6334841628959276,46,79,2,70,False
0.153,0.9722222222222222,0.368,0.5888324873096447,0.4697986577181208,0.6334841628959276,46,79,2,70,False
0.154,0.9722222222222222,0.368,0.5888324873096447,0.4697986577181208,0.6334841628959276,46,79,2,70,False
0.155,0.9722222222222222,0.368,0.5888324873096447,0.4697986577181208,0.6334841628959276,46,79,2,70,False
0.156,0.9722222222222222,0.368,0.5888324873096447,0.4697986577181208,0.6334841628959276,46,79,2,70,False
0.157,0.9722222222222222,0.376,0.5939086294416244,0.47297297297297297,0.6363636363636364,47,78,2,70,False
0.158,0.9722222222222222,0.376,0.5939086294416244,0.47297297297297297,0.6363636363636364,47,78,2,70,False
0.159,0.9722222222222222,0.376,0.5939086294416244,0.47297297297297297,0.6363636363636364,47,78,2,70,False
0.16,0.9722222222222222,0.376,0.5939086294416244,0.47297297297297297,0.6363636363636364,47,78,2,70,False
0.161,0.9722222222222222,0.376,0.5939086294416244,0.47297297297297297,0.6363636363636364,47,78,2,70,False
0.162,0.9722222222222222,0.376,0.5939086294416244,0.47297297297297297,0.6363636363636364,47,78,2,70,False
0.163,0.9722222222222222,0.376,0.5939086294416244,0.47297297297297297,0.6363636363636364,47,78,2,70,False
0.164,0.9722222222222222,0.376,0.5939086294416244,0.47297297297297297,0.6363636363636364,47,78,2,70,False
0.165,0.9722222222222222,0.376,0.5939086294416244,0.47297297297297297,0.6363636363636364,47,78,2,70,False
0.166,0.9722222222222222,0.384,0.5989847715736041,0.47619047619047616,0.639269406392694,48,77,2,70,False
0.167,0.9722222222222222,0.384,0.5989847715736041,0.47619047619047616,0.639269406392694,48,77,2,70,False
0.168,0.9722222222222222,0.384,0.5989847715736041,0.47619047619047616,0.639269406392694,48,77,2,70,False
0.169,0.9722222222222222,0.384,0.5989847715736041,0.47619047619047616,0.639269406392694,48,77,2,70,False
0.17,0.9722222222222222,0.384,0.5989847715736041,0.47619047619047616,0.639269406392694,48,77,2,70,False
0.171,0.9722222222222222,0.384,0.5989847715736041,0.47619047619047616,0.639269406392694,48,77,2,70,False
0.17200000000000001,0.9722222222222222,0.384,0.5989847715736041,0.47619047619047616,0.639269406392694,48,77,2,70,False
0.17300000000000001,0.9722222222222222,0.384,0.5989847715736041,0.47619047619047616,0.639269406392694,48,77,2,70,False
0.17400000000000002,0.9722222222222222,0.384,0.5989847715736041,0.47619047619047616,0.639269406392694,48,77,2,70,False
0.17500000000000002,0.9722222222222222,0.384,0.5989847715736041,0.47619047619047616,0.639269406392694,48,77,2,70,False
0.176,0.9722222222222222,0.384,0.5989847715736041,0.47619047619047616,0.639269406392694,48,77,2,70,False
0.177,0.9722222222222222,0.384,0.5989847715736041,0.47619047619047616,0.639269406392694,48,77,2,70,False
0.178,0.9722222222222222,0.384,0.5989847715736041,0.47619047619047616,0.639269406392694,48,77,2,70,False
0.179,0.9722222222222222,0.384,0.5989847715736041,0.47619047619047616,0.639269406392694,48,77,2,70,False
0.18,0.9722222222222222,0.384,0.5989847715736041,0.47619047619047616,0.639269406392694,48,77,2,70,False
0.181,0.9722222222222222,0.392,0.6040609137055838,0.4794520547945205,0.6422018348623852,49,76,2,70,False
0.182,0.9722222222222222,0.392,0.6040609137055838,0.4794520547945205,0.6422018348623852,49,76,2,70,False
0.183,0.9722222222222222,0.392,0.6040609137055838,0.4794520547945205,0.6422018348623852,49,76,2,70,False
0.184,0.9722222222222222,0.392,0.6040609137055838,0.4794520547945205,0.6422018348623852,49,76,2,70,False
0.185,0.9722222222222222,0.392,0.6040609137055838,0.4794520547945205,0.6422018348623852,49,76,2,70,False
0.186,0.9722222222222222,0.392,0.6040609137055838,0.4794520547945205,0.6422018348623852,49,76,2,70,False
0.187,0.9722222222222222,0.392,0.6040609137055838,0.4794520547945205,0.6422018348623852,49,76,2,70,False
0.188,0.9722222222222222,0.392,0.6040609137055838,0.4794520547945205,0.6422018348623852,49,76,2,70,False
0.189,0.9722222222222222,0.392,0.6040609137055838,0.4794520547945205,0.6422018348623852,49,76,2,70,False
0.19,0.9722222222222222,0.392,0.6040609137055838,0.4794520547945205,0.6422018348623852,49,76,2,70,False
0.191,0.9722222222222222,0.392,0.6040609137055838,0.4794520547945205,0.6422018348623852,49,76,2,70,False
0.192,0.9722222222222222,0.392,0.6040609137055838,0.4794520547945205,0.6422018348623852,49,76,2,70,False
0.193,0.9722222222222222,0.392,0.6040609137055838,0.4794520547945205,0.6422018348623852,49,76,2,70,False
0.194,0.9722222222222222,0.4,0.6091370558375635,0.4827586206896552,0.6451612903225807,50,75,2,70,False
0.195,0.9722222222222222,0.4,0.6091370558375635,0.4827586206896552,0.6451612903225807,50,75,2,70,False
0.196,0.9722222222222222,0.4,0.6091370558375635,0.4827586206896552,0.6451612903225807,50,75,2,70,False
0.197,0.9722222222222222,0.4,0.6091370558375635,0.4827586206896552,0.6451612903225807,50,75,2,70,False
0.198,0.9722222222222222,0.4,0.6091370558375635,0.4827586206896552,0.6451612903225807,50,75,2,70,False
0.199,0.9722222222222222,0.408,0.6142131979695431,0.4861111111111111,0.6481481481481481,51,74,2,70,False
0.2,0.9722222222222222,0.408,0.6142131979695431,0.4861111111111111,0.6481481481481481,51,74,2,70,False
0.201,0.9722222222222222,0.408,0.6142131979695431,0.4861111111111111,0.6481481481481481,51,74,2,70,False
0.202,0.9722222222222222,0.408,0.6142131979695431,0.4861111111111111,0.6481481481481481,51,74,2,70,False
0.203,0.9722222222222222,0.408,0.6142131979695431,0.4861111111111111,0.6481481481481481,51,74,2,70,False
0.20400000000000001,0.9722222222222222,0.408,0.6142131979695431,0.4861111111111111,0.6481481481481481,51,74,2,70,False
0.20500000000000002,0.9722222222222222,0.408,0.6142131979695431,0.4861111111111111,0.6481481481481481,51,74,2,70,False
0.20600000000000002,0.9722222222222222,0.408,0.6142131979695431,0.4861111111111111,0.6481481481481481,51,74,2,70,False
0.20700000000000002,0.9583333333333334,0.408,0.6091370558375635,0.4825174825174825,0.641860465116279,51,74,3,69,False
0.20800000000000002,0.9583333333333334,0.408,0.6091370558375635,0.4825174825174825,0.641860465116279,51,74,3,69,False
0.209,0.9583333333333334,0.408,0.6091370558375635,0.4825174825174825,0.641860465116279,51,74,3,69,False
0.21,0.9583333333333334,0.408,0.6091370558375635,0.4825174825174825,0.641860465116279,51,74,3,69,False
0.211,0.9583333333333334,0.408,0.6091370558375635,0.4825174825174825,0.641860465116279,51,74,3,69,False
0.212,0.9583333333333334,0.408,0.6091370558375635,0.4825174825174825,0.641860465116279,51,74,3,69,False
0.213,0.9583333333333334,0.408,0.6091370558375635,0.4825174825174825,0.641860465116279,51,74,3,69,False
0.214,0.9583333333333334,0.408,0.6091370558375635,0.4825174825174825,0.641860465116279,51,74,3,69,False
0.215,0.9583333333333334,0.408,0.6091370558375635,0.4825174825174825,0.641860465116279,51,74,3,69,False
0.216,0.9583333333333334,0.408,0.6091370558375635,0.4825174825174825,0.641860465116279,51,74,3,69,False
0.217,0.9583333333333334,0.408,0.6091370558375635,0.4825174825174825,0.641860465116279,51,74,3,69,False
0.218,0.9583333333333334,0.408,0.6091370558375635,0.4825174825174825,0.641860465116279,51,74,3,69,False
0.219,0.9583333333333334,0.416,0.6142131979695431,0.4859154929577465,0.6448598130841121,52,73,3,69,False
0.22,0.9583333333333334,0.416,0.6142131979695431,0.4859154929577465,0.6448598130841121,52,73,3,69,False
0.221,0.9583333333333334,0.416,0.6142131979695431,0.4859154929577465,0.6448598130841121,52,73,3,69,False
0.222,0.9583333333333334,0.416,0.6142131979695431,0.4859154929577465,0.6448598130841121,52,73,3,69,False
0.223,0.9583333333333334,0.416,0.6142131979695431,0.4859154929577465,0.6448598130841121,52,73,3,69,False
0.224,0.9583333333333334,0.416,0.6142131979695431,0.4859154929577465,0.6448598130841121,52,73,3,69,False
0.225,0.9583333333333334,0.416,0.6142131979695431,0.4859154929577465,0.6448598130841121,52,73,3,69,False
0.226,0.9583333333333334,0.416,0.6142131979695431,0.4859154929577465,0.6448598130841121,52,73,3,69,False
0.227,0.9583333333333334,0.424,0.6192893401015228,0.48936170212765956,0.6478873239436619,53,72,3,69,False
0.228,0.9583333333333334,0.424,0.6192893401015228,0.48936170212765956,0.6478873239436619,53,72,3,69,False
0.229,0.9583333333333334,0.424,0.6192893401015228,0.48936170212765956,0.6478873239436619,53,72,3,69,False
0.23,0.9583333333333334,0.424,0.6192893401015228,0.48936170212765956,0.6478873239436619,53,72,3,69,False
0.231,0.9583333333333334,0.432,0.6243654822335025,0.4928571428571429,0.6509433962264151,54,71,3,69,False
0.232,0.9583333333333334,0.432,0.6243654822335025,0.4928571428571429,0.6509433962264151,54,71,3,69,False
0.233,0.9583333333333334,0.432,0.6243654822335025,0.4928571428571429,0.6509433962264151,54,71,3,69,False
0.234,0.9583333333333334,0.432,0.6243654822335025,0.4928571428571429,0.6509433962264151,54,71,3,69,False
0.23500000000000001,0.9583333333333334,0.432,0.6243654822335025,0.4928571428571429,0.6509433962264151,54,71,3,69,False
0.23600000000000002,0.9583333333333334,0.44,0.6294416243654822,0.49640287769784175,0.6540284360189573,55,70,3,69,False
0.23700000000000002,0.9583333333333334,0.44,0.6294416243654822,0.49640287769784175,0.6540284360189573,55,70,3,69,False
0.23800000000000002,0.9583333333333334,0.44,0.6294416243654822,0.49640287769784175,0.6540284360189573,55,70,3,69,False
0.23900000000000002,0.9583333333333334,0.44,0.6294416243654822,0.49640287769784175,0.6540284360189573,55,70,3,69,False
0.24,0.9583333333333334,0.44,0.6294416243654822,0.49640287769784175,0.6540284360189573,55,70,3,69,False
0.241,0.9583333333333334,0.44,0.6294416243654822,0.49640287769784175,0.6540284360189573,55,70,3,69,False
0.242,0.9583333333333334,0.44,0.6294416243654822,0.49640287769784175,0.6540284360189573,55,70,3,69,False
0.243,0.9583333333333334,0.44,0.6294416243654822,0.49640287769784175,0.6540284360189573,55,70,3,69,False
0.244,0.9583333333333334,0.44,0.6294416243654822,0.49640287769784175,0.6540284360189573,55,70,3,69,False
0.245,0.9583333333333334,0.44,0.6294416243654822,0.49640287769784175,0.6540284360189573,55,70,3,69,False
0.246,0.9583333333333334,0.44,0.6294416243654822,0.49640287769784175,0.6540284360189573,55,70,3,69,False
0.247,0.9583333333333334,0.44,0.6294416243654822,0.49640287769784175,0.6540284360189573,55,70,3,69,False
0.248,0.9583333333333334,0.44,0.6294416243654822,0.49640287769784175,0.6540284360189573,55,70,3,69,False
0.249,0.9583333333333334,0.44,0.6294416243654822,0.49640287769784175,0.6540284360189573,55,70,3,69,False
0.25,0.9583333333333334,0.44,0.6294416243654822,0.49640287769784175,0.6540284360189573,55,70,3,69,False
0.251,0.9583333333333334,0.44,0.6294416243654822,0.49640287769784175,0.6540284360189573,55,70,3,69,False
0.252,0.9583333333333334,0.44,0.6294416243654822,0.49640287769784175,0.6540284360189573,55,70,3,69,False
0.253,0.9583333333333334,0.44,0.6294416243654822,0.49640287769784175,0.6540284360189573,55,70,3,69,False
0.254,0.9583333333333334,0.448,0.6345177664974619,0.5,0.6571428571428571,56,69,3,69,False
0.255,0.9583333333333334,0.448,0.6345177664974619,0.5,0.6571428571428571,56,69,3,69,False
0.256,0.9583333333333334,0.448,0.6345177664974619,0.5,0.6571428571428571,56,69,3,69,False
0.257,0.9583333333333334,0.448,0.6345177664974619,0.5,0.6571428571428571,56,69,3,69,False
0.258,0.9583333333333334,0.448,0.6345177664974619,0.5,0.6571428571428571,56,69,3,69,False
0.259,0.9583333333333334,0.448,0.6345177664974619,0.5,0.6571428571428571,56,69,3,69,False
0.26,0.9583333333333334,0.464,0.6446700507614214,0.5073529411764706,0.6634615384615384,58,67,3,69,False
0.261,0.9583333333333334,0.464,0.6446700507614214,0.5073529411764706,0.6634615384615384,58,67,3,69,False
0.262,0.9583333333333334,0.464,0.6446700507614214,0.5073529411764706,0.6634615384615384,58,67,3,69,False
0.263,0.9583333333333334,0.464,0.6446700507614214,0.5073529411764706,0.6634615384615384,58,67,3,69,False
0.264,0.9583333333333334,0.464,0.6446700507614214,0.5073529411764706,0.6634615384615384,58,67,3,69,False
0.265,0.9583333333333334,0.464,0.6446700507614214,0.5073529411764706,0.6634615384615384,58,67,3,69,False
0.266,0.9583333333333334,0.464,0.6446700507614214,0.5073529411764706,0.6634615384615384,58,67,3,69,False
0.267,0.9583333333333334,0.464,0.6446700507614214,0.5073529411764706,0.6634615384615384,58,67,3,69,False
0.268,0.9583333333333334,0.472,0.649746192893401,0.5111111111111111,0.6666666666666666,59,66,3,69,False
0.269,0.9583333333333334,0.472,0.649746192893401,0.5111111111111111,0.6666666666666666,59,66,3,69,False
0.27,0.9583333333333334,0.472,0.649746192893401,0.5111111111111111,0.6666666666666666,59,66,3,69,False
0.271,0.9583333333333334,0.472,0.649746192893401,0.5111111111111111,0.6666666666666666,59,66,3,69,False
0.272,0.9583333333333334,0.472,0.649746192893401,0.5111111111111111,0.6666666666666666,59,66,3,69,False
0.273,0.9583333333333334,0.472,0.649746192893401,0.5111111111111111,0.6666666666666666,59,66,3,69,False
0.274,0.9583333333333334,0.472,0.649746192893401,0.5111111111111111,0.6666666666666666,59,66,3,69,False
0.275,0.9583333333333334,0.472,0.649746192893401,0.5111111111111111,0.6666666666666666,59,66,3,69,False
0.276,0.9583333333333334,0.472,0.649746192893401,0.5111111111111111,0.6666666666666666,59,66,3,69,False
0.277,0.9583333333333334,0.472,0.649746192893401,0.5111111111111111,0.6666666666666666,59,66,3,69,False
0.278,0.9583333333333334,0.472,0.649746192893401,0.5111111111111111,0.6666666666666666,59,66,3,69,False
0.279,0.9583333333333334,0.472,0.649746192893401,0.5111111111111111,0.6666666666666666,59,66,3,69,False
0.28,0.9583333333333334,0.472,0.649746192893401,0.5111111111111111,0.6666666666666666,59,66,3,69,False
0.281,0.9583333333333334,0.472,0.649746192893401,0.5111111111111111,0.6666666666666666,59,66,3,69,False
0.28200000000000003,0.9583333333333334,0.472,0.649746192893401,0.5111111111111111,0.6666666666666666,59,66,3,69,False
0.28300000000000003,0.9583333333333334,0.472,0.649746192893401,0.5111111111111111,0.6666666666666666,59,66,3,69,False
0.28400000000000003,0.9583333333333334,0.472,0.649746192893401,0.5111111111111111,0.6666666666666666,59,66,3,69,False
0.28500000000000003,0.9583333333333334,0.48,0.6548223350253807,0.5149253731343284,0.6699029126213593,60,65,3,69,False
0.28600000000000003,0.9583333333333334,0.48,0.6548223350253807,0.5149253731343284,0.6699029126213593,60,65,3,69,False
0.28700000000000003,0.9583333333333334,0.48,0.6548223350253807,0.5149253731343284,0.6699029126213593,60,65,3,69,False
0.28800000000000003,0.9583333333333334,0.48,0.6548223350253807,0.5149253731343284,0.6699029126213593,60,65,3,69,False
0.289,0.9583333333333334,0.48,0.6548223350253807,0.5149253731343284,0.6699029126213593,60,65,3,69,False
0.29,0.9583333333333334,0.48,0.6548223350253807,0.5149253731343284,0.6699029126213593,60,65,3,69,False
0.291,0.9583333333333334,0.48,0.6548223350253807,0.5149253731343284,0.6699029126213593,60,65,3,69,False
0.292,0.9583333333333334,0.48,0.6548223350253807,0.5149253731343284,0.6699029126213593,60,65,3,69,False
0.293,0.9583333333333334,0.496,0.6649746192893401,0.5227272727272727,0.6764705882352942,62,63,3,69,False
0.294,0.9583333333333334,0.496,0.6649746192893401,0.5227272727272727,0.6764705882352942,62,63,3,69,False
0.295,0.9583333333333334,0.496,0.6649746192893401,0.5227272727272727,0.6764705882352942,62,63,3,69,False
0.296,0.9583333333333334,0.496,0.6649746192893401,0.5227272727272727,0.6764705882352942,62,63,3,69,False
0.297,0.9583333333333334,0.496,0.6649746192893401,0.5227272727272727,0.6764705882352942,62,63,3,69,False
0.298,0.9583333333333334,0.496,0.6649746192893401,0.5227272727272727,0.6764705882352942,62,63,3,69,False
0.299,0.9583333333333334,0.496,0.6649746192893401,0.5227272727272727,0.6764705882352942,62,63,3,69,False
0.3,0.9583333333333334,0.496,0.6649746192893401,0.5227272727272727,0.6764705882352942,62,63,3,69,False
0.301,0.9583333333333334,0.496,0.6649746192893401,0.5227272727272727,0.6764705882352942,62,63,3,69,False
0.302,0.9583333333333334,0.496,0.6649746192893401,0.5227272727272727,0.6764705882352942,62,63,3,69,False
0.303,0.9583333333333334,0.496,0.6649746192893401,0.5227272727272727,0.6764705882352942,62,63,3,69,False
0.304,0.9583333333333334,0.496,0.6649746192893401,0.5227272727272727,0.6764705882352942,62,63,3,69,False
0.305,0.9583333333333334,0.496,0.6649746192893401,0.5227272727272727,0.6764705882352942,62,63,3,69,False
0.306,0.9583333333333334,0.496,0.6649746192893401,0.5227272727272727,0.6764705882352942,62,63,3,69,False
0.307,0.9583333333333334,0.496,0.6649746192893401,0.5227272727272727,0.6764705882352942,62,63,3,69,False
0.308,0.9583333333333334,0.496,0.6649746192893401,0.5227272727272727,0.6764705882352942,62,63,3,69,False
0.309,0.9583333333333334,0.504,0.6700507614213198,0.5267175572519084,0.6798029556650246,63,62,3,69,False
0.31,0.9583333333333334,0.504,0.6700507614213198,0.5267175572519084,0.6798029556650246,63,62,3,69,False
0.311,0.9583333333333334,0.504,0.6700507614213198,0.5267175572519084,0.6798029556650246,63,62,3,69,False
0.312,0.9583333333333334,0.504,0.6700507614213198,0.5267175572519084,0.6798029556650246,63,62,3,69,False
0.313,0.9583333333333334,0.504,0.6700507614213198,0.5267175572519084,0.6798029556650246,63,62,3,69,False
0.314,0.9583333333333334,0.504,0.6700507614213198,0.5267175572519084,0.6798029556650246,63,62,3,69,False
0.315,0.9583333333333334,0.504,0.6700507614213198,0.5267175572519084,0.6798029556650246,63,62,3,69,False
0.316,0.9583333333333334,0.504,0.6700507614213198,0.5267175572519084,0.6798029556650246,63,62,3,69,False
0.317,0.9583333333333334,0.504,0.6700507614213198,0.5267175572519084,0.6798029556650246,63,62,3,69,False
0.318,0.9583333333333334,0.504,0.6700507614213198,0.5267175572519084,0.6798029556650246,63,62,3,69,False
0.319,0.9583333333333334,0.504,0.6700507614213198,0.5267175572519084,0.6798029556650246,63,62,3,69,False
0.32,0.9583333333333334,0.504,0.6700507614213198,0.5267175572519084,0.6798029556650246,63,62,3,69,False
0.321,0.9583333333333334,0.504,0.6700507614213198,0.5267175572519084,0.6798029556650246,63,62,3,69,False
0.322,0.9583333333333334,0.504,0.6700507614213198,0.5267175572519084,0.6798029556650246,63,62,3,69,False
0.323,0.9583333333333334,0.504,0.6700507614213198,0.5267175572519084,0.6798029556650246,63,62,3,69,False
0.324,0.9583333333333334,0.504,0.6700507614213198,0.5267175572519084,0.6798029556650246,63,62,3,69,False
0.325,0.9583333333333334,0.504,0.6700507614213198,0.5267175572519084,0.6798029556650246,63,62,3,69,False
0.326,0.9583333333333334,0.504,0.6700507614213198,0.5267175572519084,0.6798029556650246,63,62,3,69,False
0.327,0.9583333333333334,0.512,0.6751269035532995,0.5307692307692308,0.6831683168316831,64,61,3,69,False
0.328,0.9583333333333334,0.512,0.6751269035532995,0.5307692307692308,0.6831683168316831,64,61,3,69,False
0.329,0.9583333333333334,0.512,0.6751269035532995,0.5307692307692308,0.6831683168316831,64,61,3,69,False
0.33,0.9583333333333334,0.512,0.6751269035532995,0.5307692307692308,0.6831683168316831,64,61,3,69,False
0.331,0.9583333333333334,0.512,0.6751269035532995,0.5307692307692308,0.6831683168316831,64,61,3,69,False
0.332,0.9583333333333334,0.512,0.6751269035532995,0.5307692307692308,0.6831683168316831,64,61,3,69,False
0.333,0.9583333333333334,0.512,0.6751269035532995,0.5307692307692308,0.6831683168316831,64,61,3,69,False
0.334,0.9583333333333334,0.512,0.6751269035532995,0.5307692307692308,0.6831683168316831,64,61,3,69,False
0.335,0.9583333333333334,0.512,0.6751269035532995,0.5307692307692308,0.6831683168316831,64,61,3,69,False
0.336,0.9583333333333334,0.512,0.6751269035532995,0.5307692307692308,0.6831683168316831,64,61,3,69,False
0.337,0.9583333333333334,0.512,0.6751269035532995,0.5307692307692308,0.6831683168316831,64,61,3,69,False
0.338,0.9583333333333334,0.512,0.6751269035532995,0.5307692307692308,0.6831683168316831,64,61,3,69,False
0.339,0.9583333333333334,0.512,0.6751269035532995,0.5307692307692308,0.6831683168316831,64,61,3,69,False
0.34,0.9583333333333334,0.512,0.6751269035532995,0.5307692307692308,0.6831683168316831,64,61,3,69,False
0.341,0.9583333333333334,0.512,0.6751269035532995,0.5307692307692308,0.6831683168316831,64,61,3,69,False
0.342,0.9583333333333334,0.512,0.6751269035532995,0.5307692307692308,0.6831683168316831,64,61,3,69,False
0.343,0.9583333333333334,0.512,0.6751269035532995,0.5307692307692308,0.6831683168316831,64,61,3,69,False
0.34400000000000003,0.9583333333333334,0.512,0.6751269035532995,0.5307692307692308,0.6831683168316831,64,61,3,69,False
0.34500000000000003,0.9583333333333334,0.512,0.6751269035532995,0.5307692307692308,0.6831683168316831,64,61,3,69,False
0.34600000000000003,0.9583333333333334,0.512,0.6751269035532995,0.5307692307692308,0.6831683168316831,64,61,3,69,False
0.34700000000000003,0.9583333333333334,0.512,0.6751269035532995,0.5307692307692308,0.6831683168316831,64,61,3,69,False
0.34800000000000003,0.9583333333333334,0.512,0.6751269035532995,0.5307692307692308,0.6831683168316831,64,61,3,69,False
0.34900000000000003,0.9583333333333334,0.512,0.6751269035532995,0.5307692307692308,0.6831683168316831,64,61,3,69,False
0.35000000000000003,0.9583333333333334,0.512,0.6751269035532995,0.5307692307692308,0.6831683168316831,64,61,3,69,False
0.35100000000000003,0.9583333333333334,0.512,0.6751269035532995,0.5307692307692308,0.6831683168316831,64,61,3,69,False
0.352,0.9583333333333334,0.52,0.6802030456852792,0.5348837209302325,0.6865671641791045,65,60,3,69,False
0.353,0.9583333333333334,0.52,0.6802030456852792,0.5348837209302325,0.6865671641791045,65,60,3,69,False
0.354,0.9583333333333334,0.52,0.6802030456852792,0.5348837209302325,0.6865671641791045,65,60,3,69,False
0.355,0.9583333333333334,0.52,0.6802030456852792,0.5348837209302325,0.6865671641791045,65,60,3,69,False
0.356,0.9583333333333334,0.528,0.6852791878172588,0.5390625,0.69,66,59,3,69,False
0.357,0.9583333333333334,0.528,0.6852791878172588,0.5390625,0.69,66,59,3,69,False
0.358,0.9583333333333334,0.528,0.6852791878172588,0.5390625,0.69,66,59,3,69,False
0.359,0.9583333333333334,0.528,0.6852791878172588,0.5390625,0.69,66,59,3,69,False
0.36,0.9583333333333334,0.528,0.6852791878172588,0.5390625,0.69,66,59,3,69,False
0.361,0.9583333333333334,0.528,0.6852791878172588,0.5390625,0.69,66,59,3,69,False
0.362,0.9583333333333334,0.528,0.6852791878172588,0.5390625,0.69,66,59,3,69,False
0.363,0.9583333333333334,0.528,0.6852791878172588,0.5390625,0.69,66,59,3,69,False
0.364,0.9583333333333334,0.536,0.6903553299492385,0.5433070866141733,0.6934673366834172,67,58,3,69,False
0.365,0.9583333333333334,0.536,0.6903553299492385,0.5433070866141733,0.6934673366834172,67,58,3,69,False
0.366,0.9583333333333334,0.536,0.6903553299492385,0.5433070866141733,0.6934673366834172,67,58,3,69,False
0.367,0.9583333333333334,0.536,0.6903553299492385,0.5433070866141733,0.6934673366834172,67,58,3,69,False
0.368,0.9583333333333334,0.536,0.6903553299492385,0.5433070866141733,0.6934673366834172,67,58,3,69,False
0.369,0.9583333333333334,0.536,0.6903553299492385,0.5433070866141733,0.6934673366834172,67,58,3,69,False
0.37,0.9583333333333334,0.536,0.6903553299492385,0.5433070866141733,0.6934673366834172,67,58,3,69,False
0.371,0.9583333333333334,0.536,0.6903553299492385,0.5433070866141733,0.6934673366834172,67,58,3,69,False
0.372,0.9583333333333334,0.536,0.6903553299492385,0.5433070866141733,0.6934673366834172,67,58,3,69,False
0.373,0.9583333333333334,0.536,0.6903553299492385,0.5433070866141733,0.6934673366834172,67,58,3,69,False
0.374,0.9583333333333334,0.536,0.6903553299492385,0.5433070866141733,0.6934673366834172,67,58,3,69,False
0.375,0.9583333333333334,0.536,0.6903553299492385,0.5433070866141733,0.6934673366834172,67,58,3,69,False
0.376,0.9583333333333334,0.536,0.6903553299492385,0.5433070866141733,0.6934673366834172,67,58,3,69,False
0.377,0.9583333333333334,0.536,0.6903553299492385,0.5433070866141733,0.6934673366834172,67,58,3,69,False
0.378,0.9583333333333334,0.536,0.6903553299492385,0.5433070866141733,0.6934673366834172,67,58,3,69,False
0.379,0.9583333333333334,0.536,0.6903553299492385,0.5433070866141733,0.6934673366834172,67,58,3,69,False
0.38,0.9583333333333334,0.536,0.6903553299492385,0.5433070866141733,0.6934673366834172,67,58,3,69,False
0.381,0.9583333333333334,0.536,0.6903553299492385,0.5433070866141733,0.6934673366834172,67,58,3,69,False
0.382,0.9583333333333334,0.536,0.6903553299492385,0.5433070866141733,0.6934673366834172,67,58,3,69,False
0.383,0.9583333333333334,0.536,0.6903553299492385,0.5433070866141733,0.6934673366834172,67,58,3,69,False
0.384,0.9583333333333334,0.536,0.6903553299492385,0.5433070866141733,0.6934673366834172,67,58,3,69,False
0.385,0.9583333333333334,0.536,0.6903553299492385,0.5433070866141733,0.6934673366834172,67,58,3,69,False
0.386,0.9583333333333334,0.536,0.6903553299492385,0.5433070866141733,0.6934673366834172,67,58,3,69,False
0.387,0.9583333333333334,0.536,0.6903553299492385,0.5433070866141733,0.6934673366834172,67,58,3,69,False
0.388,0.9583333333333334,0.536,0.6903553299492385,0.5433070866141733,0.6934673366834172,67,58,3,69,False
0.389,0.9583333333333334,0.536,0.6903553299492385,0.5433070866141733,0.6934673366834172,67,58,3,69,False
0.39,0.9583333333333334,0.536,0.6903553299492385,0.5433070866141733,0.6934673366834172,67,58,3,69,False
0.391,0.9583333333333334,0.536,0.6903553299492385,0.5433070866141733,0.6934673366834172,67,58,3,69,False
0.392,0.9583333333333334,0.536,0.6903553299492385,0.5433070866141733,0.6934673366834172,67,58,3,69,False
0.393,0.9583333333333334,0.544,0.6954314720812182,0.5476190476190477,0.696969696969697,68,57,3,69,False
0.394,0.9583333333333334,0.544,0.6954314720812182,0.5476190476190477,0.696969696969697,68,57,3,69,False
0.395,0.9583333333333334,0.544,0.6954314720812182,0.5476190476190477,0.696969696969697,68,57,3,69,False
0.396,0.9583333333333334,0.544,0.6954314720812182,0.5476190476190477,0.696969696969697,68,57,3,69,False
0.397,0.9583333333333334,0.544,0.6954314720812182,0.5476190476190477,0.696969696969697,68,57,3,69,False
0.398,0.9583333333333334,0.544,0.6954314720812182,0.5476190476190477,0.696969696969697,68,57,3,69,False
0.399,0.9583333333333334,0.544,0.6954314720812182,0.5476190476190477,0.696969696969697,68,57,3,69,False
0.4,0.9583333333333334,0.544,0.6954314720812182,0.5476190476190477,0.696969696969697,68,57,3,69,False
0.401,0.9583333333333334,0.544,0.6954314720812182,0.5476190476190477,0.696969696969697,68,57,3,69,False
0.402,0.9583333333333334,0.544,0.6954314720812182,0.5476190476190477,0.696969696969697,68,57,3,69,False
0.403,0.9583333333333334,0.544,0.6954314720812182,0.5476190476190477,0.696969696969697,68,57,3,69,False
0.404,0.9583333333333334,0.544,0.6954314720812182,0.5476190476190477,0.696969696969697,68,57,3,69,False
0.405,0.9583333333333334,0.544,0.6954314720812182,0.5476190476190477,0.696969696969697,68,57,3,69,False
0.406,0.9583333333333334,0.544,0.6954314720812182,0.5476190476190477,0.696969696969697,68,57,3,69,False
0.40700000000000003,0.9583333333333334,0.544,0.6954314720812182,0.5476190476190477,0.696969696969697,68,57,3,69,False
0.40800000000000003,0.9583333333333334,0.544,0.6954314720812182,0.5476190476190477,0.696969696969697,68,57,3,69,False
0.40900000000000003,0.9583333333333334,0.544,0.6954314720812182,0.5476190476190477,0.696969696969697,68,57,3,69,False
0.41000000000000003,0.9583333333333334,0.544,0.6954314720812182,0.5476190476190477,0.696969696969697,68,57,3,69,False
0.41100000000000003,0.9583333333333334,0.544,0.6954314720812182,0.5476190476190477,0.696969696969697,68,57,3,69,False
0.41200000000000003,0.9583333333333334,0.544,0.6954314720812182,0.5476190476190477,0.696969696969697,68,57,3,69,False
0.41300000000000003,0.9583333333333334,0.544,0.6954314720812182,0.5476190476190477,0.696969696969697,68,57,3,69,False
0.41400000000000003,0.9583333333333334,0.544,0.6954314720812182,0.5476190476190477,0.696969696969697,68,57,3,69,False
0.41500000000000004,0.9583333333333334,0.544,0.6954314720812182,0.5476190476190477,0.696969696969697,68,57,3,69,False
0.41600000000000004,0.9583333333333334,0.544,0.6954314720812182,0.5476190476190477,0.696969696969697,68,57,3,69,False
0.417,0.9583333333333334,0.544,0.6954314720812182,0.5476190476190477,0.696969696969697,68,57,3,69,False
0.418,0.9583333333333334,0.544,0.6954314720812182,0.5476190476190477,0.696969696969697,68,57,3,69,False
0.419,0.9583333333333334,0.544,0.6954314720812182,0.5476190476190477,0.696969696969697,68,57,3,69,False
0.42,0.9583333333333334,0.544,0.6954314720812182,0.5476190476190477,0.696969696969697,68,57,3,69,False
0.421,0.9583333333333334,0.544,0.6954314720812182,0.5476190476190477,0.696969696969697,68,57,3,69,False
0.422,0.9583333333333334,0.552,0.700507614213198,0.552,0.700507614213198,69,56,3,69,False
0.423,0.9583333333333334,0.552,0.700507614213198,0.552,0.700507614213198,69,56,3,69,False
0.424,0.9583333333333334,0.552,0.700507614213198,0.552,0.700507614213198,69,56,3,69,False
0.425,0.9583333333333334,0.552,0.700507614213198,0.552,0.700507614213198,69,56,3,69,False
0.426,0.9583333333333334,0.552,0.700507614213198,0.552,0.700507614213198,69,56,3,69,False
0.427,0.9583333333333334,0.552,0.700507614213198,0.552,0.700507614213198,69,56,3,69,False
0.428,0.9583333333333334,0.552,0.700507614213198,0.552,0.700507614213198,69,56,3,69,False
0.429,0.9583333333333334,0.552,0.700507614213198,0.552,0.700507614213198,69,56,3,69,False
0.43,0.9583333333333334,0.552,0.700507614213198,0.552,0.700507614213198,69,56,3,69,False
0.431,0.9583333333333334,0.552,0.700507614213198,0.552,0.700507614213198,69,56,3,69,False
0.432,0.9583333333333334,0.552,0.700507614213198,0.552,0.700507614213198,69,56,3,69,False
0.433,0.9583333333333334,0.552,0.700507614213198,0.552,0.700507614213198,69,56,3,69,False
0.434,0.9583333333333334,0.56,0.7055837563451777,0.5564516129032258,0.7040816326530612,70,55,3,69,False
0.435,0.9583333333333334,0.56,0.7055837563451777,0.5564516129032258,0.7040816326530612,70,55,3,69,False
0.436,0.9583333333333334,0.56,0.7055837563451777,0.5564516129032258,0.7040816326530612,70,55,3,69,False
0.437,0.9583333333333334,0.56,0.7055837563451777,0.5564516129032258,0.7040816326530612,70,55,3,69,False
0.438,0.9583333333333334,0.56,0.7055837563451777,0.5564516129032258,0.7040816326530612,70,55,3,69,False
0.439,0.9583333333333334,0.56,0.7055837563451777,0.5564516129032258,0.7040816326530612,70,55,3,69,False
0.44,0.9583333333333334,0.56,0.7055837563451777,0.5564516129032258,0.7040816326530612,70,55,3,69,False
0.441,0.9583333333333334,0.56,0.7055837563451777,0.5564516129032258,0.7040816326530612,70,55,3,69,False
0.442,0.9583333333333334,0.56,0.7055837563451777,0.5564516129032258,0.7040816326530612,70,55,3,69,False
0.443,0.9583333333333334,0.56,0.7055837563451777,0.5564516129032258,0.7040816326530612,70,55,3,69,False
0.444,0.9583333333333334,0.56,0.7055837563451777,0.5564516129032258,0.7040816326530612,70,55,3,69,False
0.445,0.9583333333333334,0.56,0.7055837563451777,0.5564516129032258,0.7040816326530612,70,55,3,69,False
0.446,0.9583333333333334,0.56,0.7055837563451777,0.5564516129032258,0.7040816326530612,70,55,3,69,False
0.447,0.9583333333333334,0.56,0.7055837563451777,0.5564516129032258,0.7040816326530612,70,55,3,69,False
0.448,0.9583333333333334,0.56,0.7055837563451777,0.5564516129032258,0.7040816326530612,70,55,3,69,False
0.449,0.9583333333333334,0.56,0.7055837563451777,0.5564516129032258,0.7040816326530612,70,55,3,69,False
0.45,0.9583333333333334,0.56,0.7055837563451777,0.5564516129032258,0.7040816326530612,70,55,3,69,False
0.451,0.9583333333333334,0.56,0.7055837563451777,0.5564516129032258,0.7040816326530612,70,55,3,69,False
0.452,0.9583333333333334,0.56,0.7055837563451777,0.5564516129032258,0.7040816326530612,70,55,3,69,False
0.453,0.9583333333333334,0.56,0.7055837563451777,0.5564516129032258,0.7040816326530612,70,55,3,69,False
0.454,0.9583333333333334,0.56,0.7055837563451777,0.5564516129032258,0.7040816326530612,70,55,3,69,False
0.455,0.9583333333333334,0.56,0.7055837563451777,0.5564516129032258,0.7040816326530612,70,55,3,69,False
0.456,0.9583333333333334,0.56,0.7055837563451777,0.5564516129032258,0.7040816326530612,70,55,3,69,False
0.457,0.9583333333333334,0.56,0.7055837563451777,0.5564516129032258,0.7040816326530612,70,55,3,69,False
0.458,0.9583333333333334,0.56,0.7055837563451777,0.5564516129032258,0.7040816326530612,70,55,3,69,False
0.459,0.9583333333333334,0.56,0.7055837563451777,0.5564516129032258,0.7040816326530612,70,55,3,69,False
0.46,0.9583333333333334,0.56,0.7055837563451777,0.5564516129032258,0.7040816326530612,70,55,3,69,False
0.461,0.9583333333333334,0.56,0.7055837563451777,0.5564516129032258,0.7040816326530612,70,55,3,69,False
0.462,0.9583333333333334,0.56,0.7055837563451777,0.5564516129032258,0.7040816326530612,70,55,3,69,False
0.463,0.9583333333333334,0.56,0.7055837563451777,0.5564516129032258,0.7040816326530612,70,55,3,69,False
0.464,0.9583333333333334,0.56,0.7055837563451777,0.5564516129032258,0.7040816326530612,70,55,3,69,False
0.465,0.9583333333333334,0.56,0.7055837563451777,0.5564516129032258,0.7040816326530612,70,55,3,69,False
0.466,0.9583333333333334,0.56,0.7055837563451777,0.5564516129032258,0.7040816326530612,70,55,3,69,False
0.467,0.9583333333333334,0.56,0.7055837563451777,0.5564516129032258,0.7040816326530612,70,55,3,69,False
0.468,0.9583333333333334,0.56,0.7055837563451777,0.5564516129032258,0.7040816326530612,70,55,3,69,False
0.46900000000000003,0.9583333333333334,0.56,0.7055837563451777,0.5564516129032258,0.7040816326530612,70,55,3,69,False
0.47000000000000003,0.9583333333333334,0.56,0.7055837563451777,0.5564516129032258,0.7040816326530612,70,55,3,69,False
0.47100000000000003,0.9583333333333334,0.56,0.7055837563451777,0.5564516129032258,0.7040816326530612,70,55,3,69,False
0.47200000000000003,0.9583333333333334,0.56,0.7055837563451777,0.5564516129032258,0.7040816326530612,70,55,3,69,False
0.47300000000000003,0.9583333333333334,0.56,0.7055837563451777,0.5564516129032258,0.7040816326530612,70,55,3,69,False
0.47400000000000003,0.9583333333333334,0.568,0.7106598984771574,0.5609756097560976,0.7076923076923077,71,54,3,69,False
0.47500000000000003,0.9583333333333334,0.568,0.7106598984771574,0.5609756097560976,0.7076923076923077,71,54,3,69,False
0.47600000000000003,0.9583333333333334,0.568,0.7106598984771574,0.5609756097560976,0.7076923076923077,71,54,3,69,False
0.47700000000000004,0.9583333333333334,0.568,0.7106598984771574,0.5609756097560976,0.7076923076923077,71,54,3,69,False
0.47800000000000004,0.9583333333333334,0.568,0.7106598984771574,0.5609756097560976,0.7076923076923077,71,54,3,69,False
0.47900000000000004,0.9583333333333334,0.568,0.7106598984771574,0.5609756097560976,0.7076923076923077,71,54,3,69,False
0.48,0.9583333333333334,0.568,0.7106598984771574,0.5609756097560976,0.7076923076923077,71,54,3,69,False
0.481,0.9583333333333334,0.568,0.7106598984771574,0.5609756097560976,0.7076923076923077,71,54,3,69,False
0.482,0.9583333333333334,0.568,0.7106598984771574,0.5609756097560976,0.7076923076923077,71,54,3,69,False
0.483,0.9583333333333334,0.568,0.7106598984771574,0.5609756097560976,0.7076923076923077,71,54,3,69,False
0.484,0.9583333333333334,0.568,0.7106598984771574,0.5609756097560976,0.7076923076923077,71,54,3,69,False
0.485,0.9583333333333334,0.568,0.7106598984771574,0.5609756097560976,0.7076923076923077,71,54,3,69,False
0.486,0.9583333333333334,0.576,0.7157360406091371,0.5655737704918032,0.711340206185567,72,53,3,69,False
0.487,0.9583333333333334,0.576,0.7157360406091371,0.5655737704918032,0.711340206185567,72,53,3,69,False
0.488,0.9583333333333334,0.576,0.7157360406091371,0.5655737704918032,0.711340206185567,72,53,3,69,False
0.489,0.9583333333333334,0.584,0.7208121827411168,0.5702479338842975,0.7150259067357513,73,52,3,69,False
0.49,0.9583333333333334,0.584,0.7208121827411168,0.5702479338842975,0.7150259067357513,73,52,3,69,False
0.491,0.9583333333333334,0.584,0.7208121827411168,0.5702479338842975,0.7150259067357513,73,52,3,69,False
0.492,0.9583333333333334,0.584,0.7208121827411168,0.5702479338842975,0.7150259067357513,73,52,3,69,False
0.493,0.9583333333333334,0.584,0.7208121827411168,0.5702479338842975,0.7150259067357513,73,52,3,69,False
0.494,0.9583333333333334,0.584,0.7208121827411168,0.5702479338842975,0.7150259067357513,73,52,3,69,False
0.495,0.9583333333333334,0.584,0.7208121827411168,0.5702479338842975,0.7150259067357513,73,52,3,69,False
0.496,0.9583333333333334,0.584,0.7208121827411168,0.5702479338842975,0.7150259067357513,73,52,3,69,False
0.497,0.9583333333333334,0.584,0.7208121827411168,0.5702479338842975,0.7150259067357513,73,52,3,69,False
0.498,0.9583333333333334,0.584,0.7208121827411168,0.5702479338842975,0.7150259067357513,73,52,3,69,False
0.499,0.9583333333333334,0.584,0.7208121827411168,0.5702479338842975,0.7150259067357513,73,52,3,69,False
0.5,0.9583333333333334,0.584,0.7208121827411168,0.5702479338842975,0.7150259067357513,73,52,3,69,False
0.501,0.9583333333333334,0.584,0.7208121827411168,0.5702479338842975,0.7150259067357513,73,52,3,69,False
0.502,0.9583333333333334,0.584,0.7208121827411168,0.5702479338842975,0.7150259067357513,73,52,3,69,False
0.503,0.9583333333333334,0.584,0.7208121827411168,0.5702479338842975,0.7150259067357513,73,52,3,69,False
0.504,0.9583333333333334,0.584,0.7208121827411168,0.5702479338842975,0.7150259067357513,73,52,3,69,False
0.505,0.9583333333333334,0.584,0.7208121827411168,0.5702479338842975,0.7150259067357513,73,52,3,69,False
0.506,0.9583333333333334,0.584,0.7208121827411168,0.5702479338842975,0.7150259067357513,73,52,3,69,False
0.507,0.9583333333333334,0.584,0.7208121827411168,0.5702479338842975,0.7150259067357513,73,52,3,69,False
0.508,0.9583333333333334,0.592,0.7258883248730964,0.575,0.71875,74,51,3,69,False
0.509,0.9583333333333334,0.592,0.7258883248730964,0.575,0.71875,74,51,3,69,False
0.51,0.9583333333333334,0.592,0.7258883248730964,0.575,0.71875,74,51,3,69,False
0.511,0.9583333333333334,0.592,0.7258883248730964,0.575,0.71875,74,51,3,69,False
0.512,0.9583333333333334,0.592,0.7258883248730964,0.575,0.71875,74,51,3,69,False
0.513,0.9583333333333334,0.592,0.7258883248730964,0.575,0.71875,74,51,3,69,False
0.514,0.9583333333333334,0.592,0.7258883248730964,0.575,0.71875,74,51,3,69,False
0.515,0.9583333333333334,0.592,0.7258883248730964,0.575,0.71875,74,51,3,69,False
0.516,0.9583333333333334,0.592,0.7258883248730964,0.575,0.71875,74,51,3,69,False
0.517,0.9583333333333334,0.592,0.7258883248730964,0.575,0.71875,74,51,3,69,False
0.518,0.9583333333333334,0.592,0.7258883248730964,0.575,0.71875,74,51,3,69,False
0.519,0.9583333333333334,0.592,0.7258883248730964,0.575,0.71875,74,51,3,69,False
0.52,0.9583333333333334,0.592,0.7258883248730964,0.575,0.71875,74,51,3,69,False
0.521,0.9583333333333334,0.592,0.7258883248730964,0.575,0.71875,74,51,3,69,False
0.522,0.9583333333333334,0.592,0.7258883248730964,0.575,0.71875,74,51,3,69,False
0.523,0.9583333333333334,0.592,0.7258883248730964,0.575,0.71875,74,51,3,69,False
0.524,0.9583333333333334,0.592,0.7258883248730964,0.575,0.71875,74,51,3,69,False
0.525,0.9583333333333334,0.592,0.7258883248730964,0.575,0.71875,74,51,3,69,False
0.526,0.9583333333333334,0.6,0.7309644670050761,0.5798319327731093,0.7225130890052356,75,50,3,69,False
0.527,0.9583333333333334,0.6,0.7309644670050761,0.5798319327731093,0.7225130890052356,75,50,3,69,False
0.528,0.9444444444444444,0.6,0.7258883248730964,0.576271186440678,0.7157894736842105,75,50,4,68,False
0.529,0.9444444444444444,0.6,0.7258883248730964,0.576271186440678,0.7157894736842105,75,50,4,68,False
0.53,0.9444444444444444,0.6,0.7258883248730964,0.576271186440678,0.7157894736842105,75,50,4,68,False
0.531,0.9444444444444444,0.6,0.7258883248730964,0.576271186440678,0.7157894736842105,75,50,4,68,False
0.532,0.9444444444444444,0.6,0.7258883248730964,0.576271186440678,0.7157894736842105,75,50,4,68,False
0.533,0.9444444444444444,0.6,0.7258883248730964,0.576271186440678,0.7157894736842105,75,50,4,68,False
0.534,0.9444444444444444,0.6,0.7258883248730964,0.576271186440678,0.7157894736842105,75,50,4,68,False
0.535,0.9444444444444444,0.6,0.7258883248730964,0.576271186440678,0.7157894736842105,75,50,4,68,False
0.536,0.9444444444444444,0.6,0.7258883248730964,0.576271186440678,0.7157894736842105,75,50,4,68,False
0.537,0.9444444444444444,0.6,0.7258883248730964,0.576271186440678,0.7157894736842105,75,50,4,68,False
0.538,0.9444444444444444,0.6,0.7258883248730964,0.576271186440678,0.7157894736842105,75,50,4,68,False
0.539,0.9444444444444444,0.6,0.7258883248730964,0.576271186440678,0.7157894736842105,75,50,4,68,False
0.54,0.9444444444444444,0.6,0.7258883248730964,0.576271186440678,0.7157894736842105,75,50,4,68,False
0.541,0.9444444444444444,0.6,0.7258883248730964,0.576271186440678,0.7157894736842105,75,50,4,68,False
0.542,0.9444444444444444,0.6,0.7258883248730964,0.576271186440678,0.7157894736842105,75,50,4,68,False
0.543,0.9444444444444444,0.6,0.7258883248730964,0.576271186440678,0.7157894736842105,75,50,4,68,False
0.544,0.9444444444444444,0.6,0.7258883248730964,0.576271186440678,0.7157894736842105,75,50,4,68,False
0.545,0.9444444444444444,0.6,0.7258883248730964,0.576271186440678,0.7157894736842105,75,50,4,68,False
0.546,0.9444444444444444,0.6,0.7258883248730964,0.576271186440678,0.7157894736842105,75,50,4,68,False
0.547,0.9444444444444444,0.6,0.7258883248730964,0.576271186440678,0.7157894736842105,75,50,4,68,False
0.548,0.9444444444444444,0.6,0.7258883248730964,0.576271186440678,0.7157894736842105,75,50,4,68,False
0.549,0.9444444444444444,0.6,0.7258883248730964,0.576271186440678,0.7157894736842105,75,50,4,68,False
0.55,0.9444444444444444,0.6,0.7258883248730964,0.576271186440678,0.7157894736842105,75,50,4,68,False
0.551,0.9444444444444444,0.6,0.7258883248730964,0.576271186440678,0.7157894736842105,75,50,4,68,False
0.552,0.9444444444444444,0.6,0.7258883248730964,0.576271186440678,0.7157894736842105,75,50,4,68,False
0.553,0.9444444444444444,0.6,0.7258883248730964,0.576271186440678,0.7157894736842105,75,50,4,68,False
0.554,0.9444444444444444,0.6,0.7258883248730964,0.576271186440678,0.7157894736842105,75,50,4,68,False
0.555,0.9444444444444444,0.6,0.7258883248730964,0.576271186440678,0.7157894736842105,75,50,4,68,False
0.556,0.9444444444444444,0.6,0.7258883248730964,0.576271186440678,0.7157894736842105,75,50,4,68,False
0.557,0.9444444444444444,0.6,0.7258883248730964,0.576271186440678,0.7157894736842105,75,50,4,68,False
0.558,0.9444444444444444,0.6,0.7258883248730964,0.576271186440678,0.7157894736842105,75,50,4,68,False
0.559,0.9444444444444444,0.6,0.7258883248730964,0.576271186440678,0.7157894736842105,75,50,4,68,False
0.56,0.9444444444444444,0.6,0.7258883248730964,0.576271186440678,0.7157894736842105,75,50,4,68,False
0.561,0.9444444444444444,0.6,0.7258883248730964,0.576271186440678,0.7157894736842105,75,50,4,68,False
0.562,0.9444444444444444,0.6,0.7258883248730964,0.576271186440678,0.7157894736842105,75,50,4,68,False
0.5630000000000001,0.9444444444444444,0.6,0.7258883248730964,0.576271186440678,0.7157894736842105,75,50,4,68,False
0.5640000000000001,0.9444444444444444,0.608,0.7309644670050761,0.5811965811965812,0.7195767195767196,76,49,4,68,True
0.5650000000000001,0.9444444444444444,0.608,0.7309644670050761,0.5811965811965812,0.7195767195767196,76,49,4,68,True
0.5660000000000001,0.9444444444444444,0.608,0.7309644670050761,0.5811965811965812,0.7195767195767196,76,49,4,68,True
0.5670000000000001,0.9444444444444444,0.608,0.7309644670050761,0.5811965811965812,0.7195767195767196,76,49,4,68,True
0.5680000000000001,0.9444444444444444,0.608,0.7309644670050761,0.5811965811965812,0.7195767195767196,76,49,4,68,True
0.5690000000000001,0.9444444444444444,0.608,0.7309644670050761,0.5811965811965812,0.7195767195767196,76,49,4,68,True
0.5700000000000001,0.9444444444444444,0.608,0.7309644670050761,0.5811965811965812,0.7195767195767196,76,49,4,68,True
0.5710000000000001,0.9444444444444444,0.608,0.7309644670050761,0.5811965811965812,0.7195767195767196,76,49,4,68,True
0.5720000000000001,0.9444444444444444,0.608,0.7309644670050761,0.5811965811965812,0.7195767195767196,76,49,4,68,True
0.5730000000000001,0.9444444444444444,0.608,0.7309644670050761,0.5811965811965812,0.7195767195767196,76,49,4,68,True
0.5740000000000001,0.9444444444444444,0.608,0.7309644670050761,0.5811965811965812,0.7195767195767196,76,49,4,68,True
0.5750000000000001,0.9444444444444444,0.608,0.7309644670050761,0.5811965811965812,0.7195767195767196,76,49,4,68,True
0.5760000000000001,0.9444444444444444,0.608,0.7309644670050761,0.5811965811965812,0.7195767195767196,76,49,4,68,True
0.577,0.9444444444444444,0.616,0.7360406091370558,0.5862068965517241,0.7234042553191489,77,48,4,68,True
0.578,0.9444444444444444,0.616,0.7360406091370558,0.5862068965517241,0.7234042553191489,77,48,4,68,True
0.579,0.9444444444444444,0.616,0.7360406091370558,0.5862068965517241,0.7234042553191489,77,48,4,68,True
0.58,0.9444444444444444,0.616,0.7360406091370558,0.5862068965517241,0.7234042553191489,77,48,4,68,True
0.581,0.9444444444444444,0.616,0.7360406091370558,0.5862068965517241,0.7234042553191489,77,48,4,68,True
0.582,0.9444444444444444,0.616,0.7360406091370558,0.5862068965517241,0.7234042553191489,77,48,4,68,True
0.583,0.9444444444444444,0.616,0.7360406091370558,0.5862068965517241,0.7234042553191489,77,48,4,68,True
0.584,0.9444444444444444,0.616,0.7360406091370558,0.5862068965517241,0.7234042553191489,77,48,4,68,True
0.585,0.9444444444444444,0.616,0.7360406091370558,0.5862068965517241,0.7234042553191489,77,48,4,68,True
0.586,0.9444444444444444,0.616,0.7360406091370558,0.5862068965517241,0.7234042553191489,77,48,4,68,True
0.587,0.9305555555555556,0.616,0.7309644670050761,0.5826086956521739,0.7165775401069518,77,48,5,67,True
0.588,0.9305555555555556,0.616,0.7309644670050761,0.5826086956521739,0.7165775401069518,77,48,5,67,True
0.589,0.9305555555555556,0.616,0.7309644670050761,0.5826086956521739,0.7165775401069518,77,48,5,67,True
0.59,0.9305555555555556,0.616,0.7309644670050761,0.5826086956521739,0.7165775401069518,77,48,5,67,True
0.591,0.9305555555555556,0.616,0.7309644670050761,0.5826086956521739,0.7165775401069518,77,48,5,67,True
0.592,0.9305555555555556,0.616,0.7309644670050761,0.5826086956521739,0.7165775401069518,77,48,5,67,True
0.593,0.9305555555555556,0.616,0.7309644670050761,0.5826086956521739,0.7165775401069518,77,48,5,67,True
0.594,0.9305555555555556,0.624,0.7360406091370558,0.5877192982456141,0.7204301075268819,78,47,5,67,True
0.595,0.9305555555555556,0.624,0.7360406091370558,0.5877192982456141,0.7204301075268819,78,47,5,67,True
0.596,0.9305555555555556,0.624,0.7360406091370558,0.5877192982456141,0.7204301075268819,78,47,5,67,True
0.597,0.9305555555555556,0.624,0.7360406091370558,0.5877192982456141,0.7204301075268819,78,47,5,67,True
0.598,0.9305555555555556,0.624,0.7360406091370558,0.5877192982456141,0.7204301075268819,78,47,5,67,True
0.599,0.9305555555555556,0.624,0.7360406091370558,0.5877192982456141,0.7204301075268819,78,47,5,67,True
0.6,0.9305555555555556,0.632,0.7411167512690355,0.5929203539823009,0.7243243243243244,79,46,5,67,True
0.601,0.9305555555555556,0.632,0.7411167512690355,0.5929203539823009,0.7243243243243244,79,46,5,67,True
0.602,0.9305555555555556,0.632,0.7411167512690355,0.5929203539823009,0.7243243243243244,79,46,5,67,True
0.603,0.9305555555555556,0.64,0.7461928934010152,0.5982142857142857,0.7282608695652173,80,45,5,67,True
0.604,0.9305555555555556,0.64,0.7461928934010152,0.5982142857142857,0.7282608695652173,80,45,5,67,True
0.605,0.9305555555555556,0.64,0.7461928934010152,0.5982142857142857,0.7282608695652173,80,45,5,67,True
0.606,0.9305555555555556,0.64,0.7461928934010152,0.5982142857142857,0.7282608695652173,80,45,5,67,True
0.607,0.9305555555555556,0.64,0.7461928934010152,0.5982142857142857,0.7282608695652173,80,45,5,67,True
0.608,0.9305555555555556,0.64,0.7461928934010152,0.5982142857142857,0.7282608695652173,80,45,5,67,True
0.609,0.9305555555555556,0.64,0.7461928934010152,0.5982142857142857,0.7282608695652173,80,45,5,67,True
0.61,0.9305555555555556,0.64,0.7461928934010152,0.5982142857142857,0.7282608695652173,80,45,5,67,True
0.611,0.9305555555555556,0.64,0.7461928934010152,0.5982142857142857,0.7282608695652173,80,45,5,67,True
0.612,0.9305555555555556,0.64,0.7461928934010152,0.5982142857142857,0.7282608695652173,80,45,5,67,True
0.613,0.9305555555555556,0.64,0.7461928934010152,0.5982142857142857,0.7282608695652173,80,45,5,67,True
0.614,0.9305555555555556,0.64,0.7461928934010152,0.5982142857142857,0.7282608695652173,80,45,5,67,True
0.615,0.9305555555555556,0.64,0.7461928934010152,0.5982142857142857,0.7282608695652173,80,45,5,67,True
0.616,0.9305555555555556,0.64,0.7461928934010152,0.5982142857142857,0.7282608695652173,80,45,5,67,True
0.617,0.9305555555555556,0.64,0.7461928934010152,0.5982142857142857,0.7282608695652173,80,45,5,67,True
0.618,0.9305555555555556,0.64,0.7461928934010152,0.5982142857142857,0.7282608695652173,80,45,5,67,True
0.619,0.9305555555555556,0.64,0.7461928934010152,0.5982142857142857,0.7282608695652173,80,45,5,67,True
0.62,0.9305555555555556,0.64,0.7461928934010152,0.5982142857142857,0.7282608695652173,80,45,5,67,True
0.621,0.9305555555555556,0.64,0.7461928934010152,0.5982142857142857,0.7282608695652173,80,45,5,67,True
0.622,0.9305555555555556,0.64,0.7461928934010152,0.5982142857142857,0.7282608695652173,80,45,5,67,True
0.623,0.9305555555555556,0.64,0.7461928934010152,0.5982142857142857,0.7282608695652173,80,45,5,67,True
0.624,0.9305555555555556,0.64,0.7461928934010152,0.5982142857142857,0.7282608695652173,80,45,5,67,True
0.625,0.9305555555555556,0.64,0.7461928934010152,0.5982142857142857,0.7282608695652173,80,45,5,67,True
0.626,0.9305555555555556,0.64,0.7461928934010152,0.5982142857142857,0.7282608695652173,80,45,5,67,True
0.627,0.9305555555555556,0.64,0.7461928934010152,0.5982142857142857,0.7282608695652173,80,45,5,67,True
0.628,0.9305555555555556,0.64,0.7461928934010152,0.5982142857142857,0.7282608695652173,80,45,5,67,True
0.629,0.9305555555555556,0.64,0.7461928934010152,0.5982142857142857,0.7282608695652173,80,45,5,67,True
0.63,0.9305555555555556,0.64,0.7461928934010152,0.5982142857142857,0.7282608695652173,80,45,5,67,True
0.631,0.9305555555555556,0.64,0.7461928934010152,0.5982142857142857,0.7282608695652173,80,45,5,67,True
0.632,0.9305555555555556,0.64,0.7461928934010152,0.5982142857142857,0.7282608695652173,80,45,5,67,True
0.633,0.9305555555555556,0.64,0.7461928934010152,0.5982142857142857,0.7282608695652173,80,45,5,67,True
0.634,0.9305555555555556,0.64,0.7461928934010152,0.5982142857142857,0.7282608695652173,80,45,5,67,True
0.635,0.9305555555555556,0.64,0.7461928934010152,0.5982142857142857,0.7282608695652173,80,45,5,67,True
0.636,0.9305555555555556,0.64,0.7461928934010152,0.5982142857142857,0.7282608695652173,80,45,5,67,True
0.637,0.9305555555555556,0.64,0.7461928934010152,0.5982142857142857,0.7282608695652173,80,45,5,67,True
0.638,0.9305555555555556,0.64,0.7461928934010152,0.5982142857142857,0.7282608695652173,80,45,5,67,True
0.639,0.9305555555555556,0.64,0.7461928934010152,0.5982142857142857,0.7282608695652173,80,45,5,67,True
0.64,0.9305555555555556,0.64,0.7461928934010152,0.5982142857142857,0.7282608695652173,80,45,5,67,True
0.641,0.9305555555555556,0.64,0.7461928934010152,0.5982142857142857,0.7282608695652173,80,45,5,67,True
0.642,0.9305555555555556,0.64,0.7461928934010152,0.5982142857142857,0.7282608695652173,80,45,5,67,True
0.643,0.9305555555555556,0.64,0.7461928934010152,0.5982142857142857,0.7282608695652173,80,45,5,67,True
0.644,0.9305555555555556,0.64,0.7461928934010152,0.5982142857142857,0.7282608695652173,80,45,5,67,True
0.645,0.9305555555555556,0.64,0.7461928934010152,0.5982142857142857,0.7282608695652173,80,45,5,67,True
0.646,0.9305555555555556,0.64,0.7461928934010152,0.5982142857142857,0.7282608695652173,80,45,5,67,True
0.647,0.9305555555555556,0.64,0.7461928934010152,0.5982142857142857,0.7282608695652173,80,45,5,67,True
0.648,0.9305555555555556,0.648,0.751269035532995,0.6036036036036037,0.73224043715847,81,44,5,67,True
0.649,0.9305555555555556,0.648,0.751269035532995,0.6036036036036037,0.73224043715847,81,44,5,67,True
0.65,0.9305555555555556,0.648,0.751269035532995,0.6036036036036037,0.73224043715847,81,44,5,67,True
0.651,0.9305555555555556,0.648,0.751269035532995,0.6036036036036037,0.73224043715847,81,44,5,67,True
0.652,0.9305555555555556,0.648,0.751269035532995,0.6036036036036037,0.73224043715847,81,44,5,67,True
0.653,0.9305555555555556,0.648,0.751269035532995,0.6036036036036037,0.73224043715847,81,44,5,67,True
0.654,0.9305555555555556,0.648,0.751269035532995,0.6036036036036037,0.73224043715847,81,44,5,67,True
0.655,0.9305555555555556,0.648,0.751269035532995,0.6036036036036037,0.73224043715847,81,44,5,67,True
0.656,0.9305555555555556,0.648,0.751269035532995,0.6036036036036037,0.73224043715847,81,44,5,67,True
0.657,0.9305555555555556,0.648,0.751269035532995,0.6036036036036037,0.73224043715847,81,44,5,67,True
0.658,0.9305555555555556,0.648,0.751269035532995,0.6036036036036037,0.73224043715847,81,44,5,67,True
0.659,0.9305555555555556,0.648,0.751269035532995,0.6036036036036037,0.73224043715847,81,44,5,67,True
0.66,0.9305555555555556,0.648,0.751269035532995,0.6036036036036037,0.73224043715847,81,44,5,67,True
0.661,0.9305555555555556,0.656,0.7563451776649747,0.6090909090909091,0.7362637362637363,82,43,5,67,True
0.662,0.9305555555555556,0.656,0.7563451776649747,0.6090909090909091,0.7362637362637363,82,43,5,67,True
0.663,0.9305555555555556,0.664,0.7614213197969543,0.6146788990825688,0.7403314917127072,83,42,5,67,True
0.664,0.9305555555555556,0.664,0.7614213197969543,0.6146788990825688,0.7403314917127072,83,42,5,67,True
0.665,0.9305555555555556,0.664,0.7614213197969543,0.6146788990825688,0.7403314917127072,83,42,5,67,True
0.666,0.9305555555555556,0.664,0.7614213197969543,0.6146788990825688,0.7403314917127072,83,42,5,67,True
0.667,0.9305555555555556,0.664,0.7614213197969543,0.6146788990825688,0.7403314917127072,83,42,5,67,True
0.668,0.9305555555555556,0.664,0.7614213197969543,0.6146788990825688,0.7403314917127072,83,42,5,67,True
0.669,0.9305555555555556,0.664,0.7614213197969543,0.6146788990825688,0.7403314917127072,83,42,5,67,True
0.67,0.9305555555555556,0.664,0.7614213197969543,0.6146788990825688,0.7403314917127072,83,42,5,67,True
0.671,0.9305555555555556,0.664,0.7614213197969543,0.6146788990825688,0.7403314917127072,83,42,5,67,True
0.672,0.9305555555555556,0.664,0.7614213197969543,0.6146788990825688,0.7403314917127072,83,42,5,67,True
0.673,0.9305555555555556,0.664,0.7614213197969543,0.6146788990825688,0.7403314917127072,83,42,5,67,True
0.674,0.9305555555555556,0.664,0.7614213197969543,0.6146788990825688,0.7403314917127072,83,42,5,67,True
0.675,0.9305555555555556,0.664,0.7614213197969543,0.6146788990825688,0.7403314917127072,83,42,5,67,True
0.676,0.9305555555555556,0.664,0.7614213197969543,0.6146788990825688,0.7403314917127072,83,42,5,67,True
0.677,0.9305555555555556,0.664,0.7614213197969543,0.6146788990825688,0.7403314917127072,83,42,5,67,True
0.678,0.9305555555555556,0.664,0.7614213197969543,0.6146788990825688,0.7403314917127072,83,42,5,67,True
0.679,0.9305555555555556,0.664,0.7614213197969543,0.6146788990825688,0.7403314917127072,83,42,5,67,True
0.68,0.9305555555555556,0.664,0.7614213197969543,0.6146788990825688,0.7403314917127072,83,42,5,67,True
0.681,0.9305555555555556,0.664,0.7614213197969543,0.6146788990825688,0.7403314917127072,83,42,5,67,True
0.682,0.9305555555555556,0.672,0.766497461928934,0.6203703703703703,0.7444444444444444,84,41,5,67,True
0.683,0.9305555555555556,0.672,0.766497461928934,0.6203703703703703,0.7444444444444444,84,41,5,67,True
0.684,0.9305555555555556,0.68,0.7715736040609137,0.6261682242990654,0.7486033519553073,85,40,5,67,True
0.685,0.9305555555555556,0.688,0.7766497461928934,0.6320754716981132,0.7528089887640449,86,39,5,67,True
0.686,0.9305555555555556,0.696,0.7817258883248731,0.638095238095238,0.7570621468926554,87,38,5,67,True
0.687,0.9305555555555556,0.696,0.7817258883248731,0.638095238095238,0.7570621468926554,87,38,5,67,True
0.6880000000000001,0.9305555555555556,0.704,0.7868020304568528,0.6442307692307693,0.7613636363636364,88,37,5,67,True
0.6890000000000001,0.9305555555555556,0.704,0.7868020304568528,0.6442307692307693,0.7613636363636364,88,37,5,67,True
0.6900000000000001,0.9305555555555556,0.704,0.7868020304568528,0.6442307692307693,0.7613636363636364,88,37,5,67,True
0.6910000000000001,0.9166666666666666,0.704,0.7817258883248731,0.6407766990291263,0.7542857142857143,88,37,6,66,True
0.6920000000000001,0.9166666666666666,0.704,0.7817258883248731,0.6407766990291263,0.7542857142857143,88,37,6,66,True
0.6930000000000001,0.9166666666666666,0.704,0.7817258883248731,0.6407766990291263,0.7542857142857143,88,37,6,66,True
0.6940000000000001,0.9166666666666666,0.704,0.7817258883248731,0.6407766990291263,0.7542857142857143,88,37,6,66,True
0.6950000000000001,0.9166666666666666,0.704,0.7817258883248731,0.6407766990291263,0.7542857142857143,88,37,6,66,True
0.6960000000000001,0.9027777777777778,0.704,0.7766497461928934,0.6372549019607843,0.7471264367816093,88,37,7,65,True
0.6970000000000001,0.9027777777777778,0.704,0.7766497461928934,0.6372549019607843,0.7471264367816093,88,37,7,65,True
0.6980000000000001,0.9027777777777778,0.704,0.7766497461928934,0.6372549019607843,0.7471264367816093,88,37,7,65,True
0.6990000000000001,0.9027777777777778,0.704,0.7766497461928934,0.6372549019607843,0.7471264367816093,88,37,7,65,True
0.7000000000000001,0.9027777777777778,0.704,0.7766497461928934,0.6372549019607843,0.7471264367816093,88,37,7,65,True
0.7010000000000001,0.9027777777777778,0.704,0.7766497461928934,0.6372549019607843,0.7471264367816093,88,37,7,65,True
0.7020000000000001,0.8888888888888888,0.704,0.7715736040609137,0.6336633663366337,0.7398843930635838,88,37,8,64,False
0.7030000000000001,0.8888888888888888,0.704,0.7715736040609137,0.6336633663366337,0.7398843930635838,88,37,8,64,False
0.704,0.875,0.704,0.766497461928934,0.63,0.7325581395348838,88,37,9,63,False
0.705,0.875,0.704,0.766497461928934,0.63,0.7325581395348838,88,37,9,63,False
0.706,0.875,0.704,0.766497461928934,0.63,0.7325581395348838,88,37,9,63,False
0.707,0.875,0.712,0.7715736040609137,0.6363636363636364,0.7368421052631579,89,36,9,63,False
0.708,0.875,0.712,0.7715736040609137,0.6363636363636364,0.7368421052631579,89,36,9,63,False
0.709,0.875,0.72,0.7766497461928934,0.6428571428571429,0.7411764705882353,90,35,9,63,False
0.71,0.875,0.72,0.7766497461928934,0.6428571428571429,0.7411764705882353,90,35,9,63,False
0.711,0.875,0.72,0.7766497461928934,0.6428571428571429,0.7411764705882353,90,35,9,63,False
0.712,0.875,0.72,0.7766497461928934,0.6428571428571429,0.7411764705882353,90,35,9,63,False
0.713,0.875,0.72,0.7766497461928934,0.6428571428571429,0.7411764705882353,90,35,9,63,False
0.714,0.875,0.72,0.7766497461928934,0.6428571428571429,0.7411764705882353,90,35,9,63,False
0.715,0.875,0.728,0.7817258883248731,0.6494845360824743,0.7455621301775148,91,34,9,63,False
0.716,0.875,0.728,0.7817258883248731,0.6494845360824743,0.7455621301775148,91,34,9,63,False
0.717,0.875,0.728,0.7817258883248731,0.6494845360824743,0.7455621301775148,91,34,9,63,False
0.718,0.875,0.728,0.7817258883248731,0.6494845360824743,0.7455621301775148,91,34,9,63,False
0.719,0.875,0.728,0.7817258883248731,0.6494845360824743,0.7455621301775148,91,34,9,63,False
0.72,0.875,0.728,0.7817258883248731,0.6494845360824743,0.7455621301775148,91,34,9,63,False
0.721,0.875,0.728,0.7817258883248731,0.6494845360824743,0.7455621301775148,91,34,9,63,False
0.722,0.875,0.728,0.7817258883248731,0.6494845360824743,0.7455621301775148,91,34,9,63,False
0.723,0.875,0.728,0.7817258883248731,0.6494845360824743,0.7455621301775148,91,34,9,63,False
0.724,0.875,0.728,0.7817258883248731,0.6494845360824743,0.7455621301775148,91,34,9,63,False
0.725,0.875,0.728,0.7817258883248731,0.6494845360824743,0.7455621301775148,91,34,9,63,False
0.726,0.875,0.728,0.7817258883248731,0.6494845360824743,0.7455621301775148,91,34,9,63,False
0.727,0.875,0.728,0.7817258883248731,0.6494845360824743,0.7455621301775148,91,34,9,63,False
0.728,0.875,0.728,0.7817258883248731,0.6494845360824743,0.7455621301775148,91,34,9,63,False
0.729,0.875,0.728,0.7817258883248731,0.6494845360824743,0.7455621301775148,91,34,9,63,False
0.73,0.875,0.728,0.7817258883248731,0.6494845360824743,0.7455621301775148,91,34,9,63,False
0.731,0.875,0.736,0.7868020304568528,0.65625,0.75,92,33,9,63,False
0.732,0.875,0.744,0.7918781725888325,0.6631578947368421,0.7544910179640719,93,32,9,63,False
0.733,0.875,0.744,0.7918781725888325,0.6631578947368421,0.7544910179640719,93,32,9,63,False
0.734,0.875,0.744,0.7918781725888325,0.6631578947368421,0.7544910179640719,93,32,9,63,False
0.735,0.875,0.744,0.7918781725888325,0.6631578947368421,0.7544910179640719,93,32,9,63,False
0.736,0.875,0.744,0.7918781725888325,0.6631578947368421,0.7544910179640719,93,32,9,63,False
0.737,0.875,0.744,0.7918781725888325,0.6631578947368421,0.7544910179640719,93,32,9,63,False
0.738,0.875,0.744,0.7918781725888325,0.6631578947368421,0.7544910179640719,93,32,9,63,False
0.739,0.875,0.744,0.7918781725888325,0.6631578947368421,0.7544910179640719,93,32,9,63,False
0.74,0.8611111111111112,0.744,0.7868020304568528,0.6595744680851063,0.7469879518072289,93,32,10,62,False
0.741,0.8611111111111112,0.744,0.7868020304568528,0.6595744680851063,0.7469879518072289,93,32,10,62,False
0.742,0.8611111111111112,0.744,0.7868020304568528,0.6595744680851063,0.7469879518072289,93,32,10,62,False
0.743,0.8611111111111112,0.744,0.7868020304568528,0.6595744680851063,0.7469879518072289,93,32,10,62,False
0.744,0.8611111111111112,0.744,0.7868020304568528,0.6595744680851063,0.7469879518072289,93,32,10,62,False
0.745,0.8611111111111112,0.744,0.7868020304568528,0.6595744680851063,0.7469879518072289,93,32,10,62,False
0.746,0.8611111111111112,0.744,0.7868020304568528,0.6595744680851063,0.7469879518072289,93,32,10,62,False
0.747,0.8611111111111112,0.744,0.7868020304568528,0.6595744680851063,0.7469879518072289,93,32,10,62,False
0.748,0.8611111111111112,0.744,0.7868020304568528,0.6595744680851063,0.7469879518072289,93,32,10,62,False
0.749,0.8611111111111112,0.744,0.7868020304568528,0.6595744680851063,0.7469879518072289,93,32,10,62,False
0.75,0.8611111111111112,0.752,0.7918781725888325,0.6666666666666666,0.7515151515151516,94,31,10,62,False
0.751,0.8611111111111112,0.752,0.7918781725888325,0.6666666666666666,0.7515151515151516,94,31,10,62,False
0.752,0.8611111111111112,0.752,0.7918781725888325,0.6666666666666666,0.7515151515151516,94,31,10,62,False
0.753,0.8611111111111112,0.752,0.7918781725888325,0.6666666666666666,0.7515151515151516,94,31,10,62,False
0.754,0.8611111111111112,0.752,0.7918781725888325,0.6666666666666666,0.7515151515151516,94,31,10,62,False
0.755,0.8472222222222222,0.752,0.7868020304568528,0.6630434782608695,0.7439024390243902,94,31,11,61,False
0.756,0.8472222222222222,0.752,0.7868020304568528,0.6630434782608695,0.7439024390243902,94,31,11,61,False
0.757,0.8472222222222222,0.752,0.7868020304568528,0.6630434782608695,0.7439024390243902,94,31,11,61,False
0.758,0.8472222222222222,0.752,0.7868020304568528,0.6630434782608695,0.7439024390243902,94,31,11,61,False
0.759,0.8472222222222222,0.752,0.7868020304568528,0.6630434782608695,0.7439024390243902,94,31,11,61,False
0.76,0.8472222222222222,0.752,0.7868020304568528,0.6630434782608695,0.7439024390243902,94,31,11,61,False
0.761,0.8472222222222222,0.752,0.7868020304568528,0.6630434782608695,0.7439024390243902,94,31,11,61,False
0.762,0.8472222222222222,0.76,0.7918781725888325,0.6703296703296703,0.7484662576687117,95,30,11,61,False
0.763,0.8472222222222222,0.76,0.7918781725888325,0.6703296703296703,0.7484662576687117,95,30,11,61,False
0.764,0.8472222222222222,0.76,0.7918781725888325,0.6703296703296703,0.7484662576687117,95,30,11,61,False
0.765,0.8472222222222222,0.76,0.7918781725888325,0.6703296703296703,0.7484662576687117,95,30,11,61,False
0.766,0.8472222222222222,0.76,0.7918781725888325,0.6703296703296703,0.7484662576687117,95,30,11,61,False
0.767,0.8472222222222222,0.76,0.7918781725888325,0.6703296703296703,0.7484662576687117,95,30,11,61,False
0.768,0.8472222222222222,0.76,0.7918781725888325,0.6703296703296703,0.7484662576687117,95,30,11,61,False
0.769,0.8472222222222222,0.76,0.7918781725888325,0.6703296703296703,0.7484662576687117,95,30,11,61,False
0.77,0.8472222222222222,0.76,0.7918781725888325,0.6703296703296703,0.7484662576687117,95,30,11,61,False
0.771,0.8472222222222222,0.76,0.7918781725888325,0.6703296703296703,0.7484662576687117,95,30,11,61,False
0.772,0.8472222222222222,0.76,0.7918781725888325,0.6703296703296703,0.7484662576687117,95,30,11,61,False
0.773,0.8472222222222222,0.76,0.7918781725888325,0.6703296703296703,0.7484662576687117,95,30,11,61,False
0.774,0.8472222222222222,0.768,0.7969543147208121,0.6777777777777778,0.7530864197530864,96,29,11,61,False
0.775,0.8472222222222222,0.768,0.7969543147208121,0.6777777777777778,0.7530864197530864,96,29,11,61,False
0.776,0.8472222222222222,0.768,0.7969543147208121,0.6777777777777778,0.7530864197530864,96,29,11,61,False
0.777,0.8472222222222222,0.768,0.7969543147208121,0.6777777777777778,0.7530864197530864,96,29,11,61,False
0.778,0.8472222222222222,0.768,0.7969543147208121,0.6777777777777778,0.7530864197530864,96,29,11,61,False
0.779,0.8472222222222222,0.768,0.7969543147208121,0.6777777777777778,0.7530864197530864,96,29,11,61,False
0.78,0.8472222222222222,0.776,0.8020304568527918,0.6853932584269663,0.7577639751552795,97,28,11,61,False
0.781,0.8472222222222222,0.776,0.8020304568527918,0.6853932584269663,0.7577639751552795,97,28,11,61,False
0.782,0.8333333333333334,0.776,0.7969543147208121,0.6818181818181818,0.7499999999999999,97,28,12,60,False
0.783,0.8333333333333334,0.776,0.7969543147208121,0.6818181818181818,0.7499999999999999,97,28,12,60,False
0.784,0.8333333333333334,0.776,0.7969543147208121,0.6818181818181818,0.7499999999999999,97,28,12,60,False
0.785,0.8194444444444444,0.784,0.7969543147208121,0.686046511627907,0.7468354430379746,98,27,13,59,False
0.786,0.8194444444444444,0.784,0.7969543147208121,0.686046511627907,0.7468354430379746,98,27,13,59,False
0.787,0.8194444444444444,0.784,0.7969543147208121,0.686046511627907,0.7468354430379746,98,27,13,59,False
0.788,0.8194444444444444,0.784,0.7969543147208121,0.686046511627907,0.7468354430379746,98,27,13,59,False
0.789,0.8194444444444444,0.784,0.7969543147208121,0.686046511627907,0.7468354430379746,98,27,13,59,False
0.79,0.8194444444444444,0.792,0.8020304568527918,0.6941176470588235,0.751592356687898,99,26,13,59,False
0.791,0.8194444444444444,0.792,0.8020304568527918,0.6941176470588235,0.751592356687898,99,26,13,59,False
0.792,0.8194444444444444,0.792,0.8020304568527918,0.6941176470588235,0.751592356687898,99,26,13,59,False
0.793,0.8194444444444444,0.792,0.8020304568527918,0.6941176470588235,0.751592356687898,99,26,13,59,False
0.794,0.8194444444444444,0.8,0.8071065989847716,0.7023809523809523,0.7564102564102564,100,25,13,59,False
0.795,0.8194444444444444,0.8,0.8071065989847716,0.7023809523809523,0.7564102564102564,100,25,13,59,False
0.796,0.8194444444444444,0.8,0.8071065989847716,0.7023809523809523,0.7564102564102564,100,25,13,59,False
0.797,0.8194444444444444,0.8,0.8071065989847716,0.7023809523809523,0.7564102564102564,100,25,13,59,False
0.798,0.8194444444444444,0.8,0.8071065989847716,0.7023809523809523,0.7564102564102564,100,25,13,59,False
0.799,0.8194444444444444,0.808,0.8121827411167513,0.7108433734939759,0.7612903225806451,101,24,13,59,False
0.8,0.8194444444444444,0.808,0.8121827411167513,0.7108433734939759,0.7612903225806451,101,24,13,59,False
0.801,0.8194444444444444,0.808,0.8121827411167513,0.7108433734939759,0.7612903225806451,101,24,13,59,False
0.802,0.8055555555555556,0.824,0.817258883248731,0.725,0.7631578947368423,103,22,14,58,False
0.803,0.8055555555555556,0.824,0.817258883248731,0.725,0.7631578947368423,103,22,14,58,False
0.804,0.8055555555555556,0.824,0.817258883248731,0.725,0.7631578947368423,103,22,14,58,False
0.805,0.8055555555555556,0.824,0.817258883248731,0.725,0.7631578947368423,103,22,14,58,False
0.806,0.8055555555555556,0.824,0.817258883248731,0.725,0.7631578947368423,103,22,14,58,False
0.807,0.8055555555555556,0.824,0.817258883248731,0.725,0.7631578947368423,103,22,14,58,False
0.808,0.8055555555555556,0.832,0.8223350253807107,0.7341772151898734,0.7682119205298013,104,21,14,58,False
0.809,0.8055555555555556,0.832,0.8223350253807107,0.7341772151898734,0.7682119205298013,104,21,14,58,False
0.81,0.8055555555555556,0.832,0.8223350253807107,0.7341772151898734,0.7682119205298013,104,21,14,58,False
0.811,0.8055555555555556,0.84,0.8274111675126904,0.7435897435897436,0.7733333333333334,105,20,14,58,False
0.812,0.8055555555555556,0.848,0.8324873096446701,0.7532467532467533,0.778523489932886,106,19,14,58,False
0.8130000000000001,0.8055555555555556,0.848,0.8324873096446701,0.7532467532467533,0.778523489932886,106,19,14,58,False
0.8140000000000001,0.7916666666666666,0.848,0.8274111675126904,0.75,0.7702702702702704,106,19,15,57,False
0.8150000000000001,0.7916666666666666,0.848,0.8274111675126904,0.75,0.7702702702702704,106,19,15,57,False
0.8160000000000001,0.7916666666666666,0.856,0.8324873096446701,0.76,0.7755102040816326,107,18,15,57,False
0.8170000000000001,0.7916666666666666,0.856,0.8324873096446701,0.76,0.7755102040816326,107,18,15,57,False
0.8180000000000001,0.7916666666666666,0.856,0.8324873096446701,0.76,0.7755102040816326,107,18,15,57,False
0.8190000000000001,0.7916666666666666,0.856,0.8324873096446701,0.76,0.7755102040816326,107,18,15,57,False
0.8200000000000001,0.7916666666666666,0.856,0.8324873096446701,0.76,0.7755102040816326,107,18,15,57,False
0.8210000000000001,0.7916666666666666,0.856,0.8324873096446701,0.76,0.7755102040816326,107,18,15,57,False
0.8220000000000001,0.7916666666666666,0.856,0.8324873096446701,0.76,0.7755102040816326,107,18,15,57,False
0.8230000000000001,0.7777777777777778,0.856,0.8274111675126904,0.7567567567567568,0.7671232876712328,107,18,16,56,False
0.8240000000000001,0.7777777777777778,0.856,0.8274111675126904,0.7567567567567568,0.7671232876712328,107,18,16,56,False
0.8250000000000001,0.7777777777777778,0.856,0.8274111675126904,0.7567567567567568,0.7671232876712328,107,18,16,56,False
0.8260000000000001,0.7777777777777778,0.856,0.8274111675126904,0.7567567567567568,0.7671232876712328,107,18,16,56,False
0.8270000000000001,0.7777777777777778,0.856,0.8274111675126904,0.7567567567567568,0.7671232876712328,107,18,16,56,False
0.8280000000000001,0.7777777777777778,0.856,0.8274111675126904,0.7567567567567568,0.7671232876712328,107,18,16,56,False
0.8290000000000001,0.7777777777777778,0.856,0.8274111675126904,0.7567567567567568,0.7671232876712328,107,18,16,56,False
0.8300000000000001,0.7777777777777778,0.856,0.8274111675126904,0.7567567567567568,0.7671232876712328,107,18,16,56,False
0.8310000000000001,0.7777777777777778,0.856,0.8274111675126904,0.7567567567567568,0.7671232876712328,107,18,16,56,False
0.8320000000000001,0.7777777777777778,0.856,0.8274111675126904,0.7567567567567568,0.7671232876712328,107,18,16,56,False
0.833,0.7638888888888888,0.856,0.8223350253807107,0.7534246575342466,0.7586206896551725,107,18,17,55,False
0.834,0.7638888888888888,0.856,0.8223350253807107,0.7534246575342466,0.7586206896551725,107,18,17,55,False
0.835,0.7638888888888888,0.856,0.8223350253807107,0.7534246575342466,0.7586206896551725,107,18,17,55,False
0.836,0.75,0.864,0.8223350253807107,0.7605633802816901,0.7552447552447553,108,17,18,54,False
0.837,0.75,0.864,0.8223350253807107,0.7605633802816901,0.7552447552447553,108,17,18,54,False
0.838,0.75,0.864,0.8223350253807107,0.7605633802816901,0.7552447552447553,108,17,18,54,False
0.839,0.75,0.864,0.8223350253807107,0.7605633802816901,0.7552447552447553,108,17,18,54,False
0.84,0.7361111111111112,0.864,0.817258883248731,0.7571428571428571,0.7464788732394366,108,17,19,53,False
0.841,0.7361111111111112,0.864,0.817258883248731,0.7571428571428571,0.7464788732394366,108,17,19,53,False
0.842,0.7361111111111112,0.864,0.817258883248731,0.7571428571428571,0.7464788732394366,108,17,19,53,False
0.843,0.7361111111111112,0.864,0.817258883248731,0.7571428571428571,0.7464788732394366,108,17,19,53,False
0.844,0.7361111111111112,0.864,0.817258883248731,0.7571428571428571,0.7464788732394366,108,17,19,53,False
0.845,0.7361111111111112,0.864,0.817258883248731,0.7571428571428571,0.7464788732394366,108,17,19,53,False
0.846,0.7361111111111112,0.864,0.817258883248731,0.7571428571428571,0.7464788732394366,108,17,19,53,False
0.847,0.7361111111111112,0.864,0.817258883248731,0.7571428571428571,0.7464788732394366,108,17,19,53,False
0.848,0.7222222222222222,0.864,0.8121827411167513,0.7536231884057971,0.7375886524822696,108,17,20,52,False
0.849,0.7222222222222222,0.864,0.8121827411167513,0.7536231884057971,0.7375886524822696,108,17,20,52,False
0.85,0.7222222222222222,0.872,0.817258883248731,0.7647058823529411,0.7428571428571428,109,16,20,52,False
0.851,0.7222222222222222,0.872,0.817258883248731,0.7647058823529411,0.7428571428571428,109,16,20,52,False
0.852,0.7222222222222222,0.872,0.817258883248731,0.7647058823529411,0.7428571428571428,109,16,20,52,False
0.853,0.7222222222222222,0.872,0.817258883248731,0.7647058823529411,0.7428571428571428,109,16,20,52,False
0.854,0.7222222222222222,0.872,0.817258883248731,0.7647058823529411,0.7428571428571428,109,16,20,52,False
0.855,0.7083333333333334,0.872,0.8121827411167513,0.7611940298507462,0.7338129496402879,109,16,21,51,False
0.856,0.7083333333333334,0.872,0.8121827411167513,0.7611940298507462,0.7338129496402879,109,16,21,51,False
0.857,0.7083333333333334,0.872,0.8121827411167513,0.7611940298507462,0.7338129496402879,109,16,21,51,False
0.858,0.6944444444444444,0.872,0.8071065989847716,0.7575757575757576,0.7246376811594203,109,16,22,50,False
0.859,0.6944444444444444,0.872,0.8071065989847716,0.7575757575757576,0.7246376811594203,109,16,22,50,False
0.86,0.6944444444444444,0.872,0.8071065989847716,0.7575757575757576,0.7246376811594203,109,16,22,50,False
0.861,0.6944444444444444,0.872,0.8071065989847716,0.7575757575757576,0.7246376811594203,109,16,22,50,False
0.862,0.6805555555555556,0.872,0.8020304568527918,0.7538461538461538,0.7153284671532848,109,16,23,49,False
0.863,0.6805555555555556,0.872,0.8020304568527918,0.7538461538461538,0.7153284671532848,109,16,23,49,False
0.864,0.6805555555555556,0.872,0.8020304568527918,0.7538461538461538,0.7153284671532848,109,16,23,49,False
0.865,0.6666666666666666,0.888,0.8071065989847716,0.7741935483870968,0.7164179104477612,111,14,24,48,False
0.866,0.6666666666666666,0.888,0.8071065989847716,0.7741935483870968,0.7164179104477612,111,14,24,48,False
0.867,0.6666666666666666,0.888,0.8071065989847716,0.7741935483870968,0.7164179104477612,111,14,24,48,False
0.868,0.6666666666666666,0.888,0.8071065989847716,0.7741935483870968,0.7164179104477612,111,14,24,48,False
0.869,0.6666666666666666,0.888,0.8071065989847716,0.7741935483870968,0.7164179104477612,111,14,24,48,False
0.87,0.6666666666666666,0.896,0.8121827411167513,0.7868852459016393,0.7218045112781954,112,13,24,48,False
0.871,0.6527777777777778,0.896,0.8071065989847716,0.7833333333333333,0.7121212121212122,112,13,25,47,False
0.872,0.6527777777777778,0.896,0.8071065989847716,0.7833333333333333,0.7121212121212122,112,13,25,47,False
0.873,0.6527777777777778,0.896,0.8071065989847716,0.7833333333333333,0.7121212121212122,112,13,25,47,False
0.874,0.6527777777777778,0.896,0.8071065989847716,0.7833333333333333,0.7121212121212122,112,13,25,47,False
0.875,0.6527777777777778,0.904,0.8121827411167513,0.7966101694915254,0.7175572519083969,113,12,25,47,False
0.876,0.6527777777777778,0.904,0.8121827411167513,0.7966101694915254,0.7175572519083969,113,12,25,47,False
0.877,0.6527777777777778,0.904,0.8121827411167513,0.7966101694915254,0.7175572519083969,113,12,25,47,False
0.878,0.6527777777777778,0.904,0.8121827411167513,0.7966101694915254,0.7175572519083969,113,12,25,47,False
0.879,0.6527777777777778,0.904,0.8121827411167513,0.7966101694915254,0.7175572519083969,113,12,25,47,False
0.88,0.6527777777777778,0.904,0.8121827411167513,0.7966101694915254,0.7175572519083969,113,12,25,47,False
0.881,0.6388888888888888,0.904,0.8071065989847716,0.7931034482758621,0.7076923076923076,113,12,26,46,False
0.882,0.6388888888888888,0.904,0.8071065989847716,0.7931034482758621,0.7076923076923076,113,12,26,46,False
0.883,0.6388888888888888,0.912,0.8121827411167513,0.8070175438596491,0.7131782945736433,114,11,26,46,False
0.884,0.625,0.912,0.8071065989847716,0.8035714285714286,0.703125,114,11,27,45,False
0.885,0.625,0.912,0.8071065989847716,0.8035714285714286,0.703125,114,11,27,45,False
0.886,0.625,0.912,0.8071065989847716,0.8035714285714286,0.703125,114,11,27,45,False
0.887,0.625,0.912,0.8071065989847716,0.8035714285714286,0.703125,114,11,27,45,False
0.888,0.6111111111111112,0.912,0.8020304568527918,0.8,0.6929133858267716,114,11,28,44,False
0.889,0.6111111111111112,0.912,0.8020304568527918,0.8,0.6929133858267716,114,11,28,44,False
0.89,0.6111111111111112,0.912,0.8020304568527918,0.8,0.6929133858267716,114,11,28,44,False
0.891,0.6111111111111112,0.912,0.8020304568527918,0.8,0.6929133858267716,114,11,28,44,False
0.892,0.5972222222222222,0.912,0.7969543147208121,0.7962962962962963,0.6825396825396824,114,11,29,43,False
0.893,0.5972222222222222,0.912,0.7969543147208121,0.7962962962962963,0.6825396825396824,114,11,29,43,False
0.894,0.5833333333333334,0.912,0.7918781725888325,0.7924528301886793,0.6720000000000002,114,11,30,42,False
0.895,0.5694444444444444,0.912,0.7868020304568528,0.7884615384615384,0.661290322580645,114,11,31,41,False
0.896,0.5555555555555556,0.912,0.7817258883248731,0.7843137254901961,0.6504065040650406,114,11,32,40,False
0.897,0.5555555555555556,0.912,0.7817258883248731,0.7843137254901961,0.6504065040650406,114,11,32,40,False
0.898,0.5555555555555556,0.912,0.7817258883248731,0.7843137254901961,0.6504065040650406,114,11,32,40,False
0.899,0.5555555555555556,0.912,0.7817258883248731,0.7843137254901961,0.6504065040650406,114,11,32,40,False
0.9,0.5555555555555556,0.92,0.7868020304568528,0.8,0.6557377049180328,115,10,32,40,False
0.901,0.5555555555555556,0.92,0.7868020304568528,0.8,0.6557377049180328,115,10,32,40,False
0.902,0.5555555555555556,0.92,0.7868020304568528,0.8,0.6557377049180328,115,10,32,40,False
0.903,0.5555555555555556,0.92,0.7868020304568528,0.8,0.6557377049180328,115,10,32,40,False
0.904,0.5555555555555556,0.92,0.7868020304568528,0.8,0.6557377049180328,115,10,32,40,False
0.905,0.5555555555555556,0.92,0.7868020304568528,0.8,0.6557377049180328,115,10,32,40,False
0.906,0.5555555555555556,0.92,0.7868020304568528,0.8,0.6557377049180328,115,10,32,40,False
0.907,0.5555555555555556,0.92,0.7868020304568528,0.8,0.6557377049180328,115,10,32,40,False
0.908,0.5416666666666666,0.92,0.7817258883248731,0.7959183673469388,0.6446280991735536,115,10,33,39,False
0.909,0.5277777777777778,0.92,0.7766497461928934,0.7916666666666666,0.6333333333333333,115,10,34,38,False
0.91,0.5277777777777778,0.92,0.7766497461928934,0.7916666666666666,0.6333333333333333,115,10,34,38,False
0.911,0.5277777777777778,0.92,0.7766497461928934,0.7916666666666666,0.6333333333333333,115,10,34,38,False
0.912,0.5277777777777778,0.92,0.7766497461928934,0.7916666666666666,0.6333333333333333,115,10,34,38,False
0.913,0.5277777777777778,0.92,0.7766497461928934,0.7916666666666666,0.6333333333333333,115,10,34,38,False
0.914,0.5277777777777778,0.92,0.7766497461928934,0.7916666666666666,0.6333333333333333,115,10,34,38,False
0.915,0.5138888888888888,0.92,0.7715736040609137,0.7872340425531915,0.6218487394957983,115,10,35,37,False
0.916,0.5138888888888888,0.928,0.7766497461928934,0.8043478260869565,0.6271186440677965,116,9,35,37,False
0.917,0.5138888888888888,0.928,0.7766497461928934,0.8043478260869565,0.6271186440677965,116,9,35,37,False
0.918,0.5138888888888888,0.928,0.7766497461928934,0.8043478260869565,0.6271186440677965,116,9,35,37,False
0.919,0.5138888888888888,0.928,0.7766497461928934,0.8043478260869565,0.6271186440677965,116,9,35,37,False
0.92,0.5138888888888888,0.928,0.7766497461928934,0.8043478260869565,0.6271186440677965,116,9,35,37,False
0.921,0.5138888888888888,0.928,0.7766497461928934,0.8043478260869565,0.6271186440677965,116,9,35,37,False
0.922,0.5138888888888888,0.936,0.7817258883248731,0.8222222222222222,0.6324786324786325,117,8,35,37,False
0.923,0.5,0.936,0.7766497461928934,0.8181818181818182,0.6206896551724137,117,8,36,36,False
0.924,0.5,0.936,0.7766497461928934,0.8181818181818182,0.6206896551724137,117,8,36,36,False
0.925,0.5,0.944,0.7817258883248731,0.8372093023255814,0.6260869565217391,118,7,36,36,False
0.926,0.5,0.944,0.7817258883248731,0.8372093023255814,0.6260869565217391,118,7,36,36,False
0.927,0.4861111111111111,0.944,0.7766497461928934,0.8333333333333334,0.6140350877192983,118,7,37,35,False
0.928,0.4861111111111111,0.944,0.7766497461928934,0.8333333333333334,0.6140350877192983,118,7,37,35,False
0.929,0.4722222222222222,0.944,0.7715736040609137,0.8292682926829268,0.6017699115044247,118,7,38,34,False
0.93,0.4722222222222222,0.952,0.7766497461928934,0.85,0.6071428571428571,119,6,38,34,False
0.931,0.4722222222222222,0.952,0.7766497461928934,0.85,0.6071428571428571,119,6,38,34,False
0.932,0.4722222222222222,0.952,0.7766497461928934,0.85,0.6071428571428571,119,6,38,34,False
0.933,0.4583333333333333,0.952,0.7715736040609137,0.8461538461538461,0.5945945945945945,119,6,39,33,False
0.934,0.4583333333333333,0.952,0.7715736040609137,0.8461538461538461,0.5945945945945945,119,6,39,33,False
0.935,0.4305555555555556,0.952,0.7614213197969543,0.8378378378378378,0.5688073394495412,119,6,41,31,False
0.936,0.4305555555555556,0.952,0.7614213197969543,0.8378378378378378,0.5688073394495412,119,6,41,31,False
0.937,0.4305555555555556,0.952,0.7614213197969543,0.8378378378378378,0.5688073394495412,119,6,41,31,False
0.9380000000000001,0.4166666666666667,0.952,0.7563451776649747,0.8333333333333334,0.5555555555555556,119,6,42,30,False
0.9390000000000001,0.4166666666666667,0.952,0.7563451776649747,0.8333333333333334,0.5555555555555556,119,6,42,30,False
0.9400000000000001,0.3611111111111111,0.952,0.7360406091370558,0.8125,0.5,119,6,46,26,False
0.9410000000000001,0.3472222222222222,0.952,0.7309644670050761,0.8064516129032258,0.48543689320388356,119,6,47,25,False
0.9420000000000001,0.3472222222222222,0.952,0.7309644670050761,0.8064516129032258,0.48543689320388356,119,6,47,25,False
0.9430000000000001,0.3333333333333333,0.952,0.7258883248730964,0.8,0.47058823529411764,119,6,48,24,False
0.9440000000000001,0.3333333333333333,0.952,0.7258883248730964,0.8,0.47058823529411764,119,6,48,24,False
0.9450000000000001,0.3333333333333333,0.952,0.7258883248730964,0.8,0.47058823529411764,119,6,48,24,False
0.9460000000000001,0.3194444444444444,0.952,0.7208121827411168,0.7931034482758621,0.4554455445544554,119,6,49,23,False
0.9470000000000001,0.3194444444444444,0.952,0.7208121827411168,0.7931034482758621,0.4554455445544554,119,6,49,23,False
0.9480000000000001,0.3194444444444444,0.952,0.7208121827411168,0.7931034482758621,0.4554455445544554,119,6,49,23,False
0.9490000000000001,0.3194444444444444,0.952,0.7208121827411168,0.7931034482758621,0.4554455445544554,119,6,49,23,False
0.9500000000000001,0.3194444444444444,0.952,0.7208121827411168,0.7931034482758621,0.4554455445544554,119,6,49,23,False
0.9510000000000001,0.3194444444444444,0.952,0.7208121827411168,0.7931034482758621,0.4554455445544554,119,6,49,23,False
0.9520000000000001,0.3055555555555556,0.952,0.7157360406091371,0.7857142857142857,0.43999999999999995,119,6,50,22,False
0.9530000000000001,0.2777777777777778,0.952,0.7055837563451777,0.7692307692307693,0.40816326530612246,119,6,52,20,False
0.9540000000000001,0.2777777777777778,0.96,0.7106598984771574,0.8,0.41237113402061853,120,5,52,20,False
0.9550000000000001,0.2777777777777778,0.96,0.7106598984771574,0.8,0.41237113402061853,120,5,52,20,False
0.9560000000000001,0.2638888888888889,0.96,0.7055837563451777,0.7916666666666666,0.3958333333333333,120,5,53,19,False
0.9570000000000001,0.2638888888888889,0.96,0.7055837563451777,0.7916666666666666,0.3958333333333333,120,5,53,19,False
0.9580000000000001,0.2361111111111111,0.96,0.6954314720812182,0.7727272727272727,0.36170212765957444,120,5,55,17,False
0.9590000000000001,0.2222222222222222,0.968,0.6954314720812182,0.8,0.3478260869565218,121,4,56,16,False
0.96,0.2222222222222222,0.968,0.6954314720812182,0.8,0.3478260869565218,121,4,56,16,False
0.961,0.2222222222222222,0.968,0.6954314720812182,0.8,0.3478260869565218,121,4,56,16,False
0.962,0.2222222222222222,0.968,0.6954314720812182,0.8,0.3478260869565218,121,4,56,16,False
0.963,0.20833333333333334,0.968,0.6903553299492385,0.7894736842105263,0.32967032967032966,121,4,57,15,False
0.964,0.20833333333333334,0.976,0.6954314720812182,0.8333333333333334,0.33333333333333337,122,3,57,15,False
0.965,0.19444444444444445,0.976,0.6903553299492385,0.8235294117647058,0.3146067415730337,122,3,58,14,False
0.966,0.18055555555555555,0.976,0.6852791878172588,0.8125,0.29545454545454547,122,3,59,13,False
0.967,0.16666666666666666,0.976,0.6802030456852792,0.8,0.27586206896551724,122,3,60,12,False
0.968,0.1527777777777778,0.976,0.6751269035532995,0.7857142857142857,0.2558139534883721,122,3,61,11,False
0.969,0.1527777777777778,0.976,0.6751269035532995,0.7857142857142857,0.2558139534883721,122,3,61,11,False
0.97,0.1527777777777778,0.976,0.6751269035532995,0.7857142857142857,0.2558139534883721,122,3,61,11,False
0.971,0.1388888888888889,0.976,0.6700507614213198,0.7692307692307693,0.23529411764705882,122,3,62,10,False
0.972,0.1388888888888889,0.976,0.6700507614213198,0.7692307692307693,0.23529411764705882,122,3,62,10,False
0.973,0.125,0.984,0.6700507614213198,0.8181818181818182,0.21686746987951808,123,2,63,9,False
0.974,0.1111111111111111,0.984,0.6649746192893401,0.8,0.19512195121951217,123,2,64,8,False
0.975,0.1111111111111111,0.984,0.6649746192893401,0.8,0.19512195121951217,123,2,64,8,False
0.976,0.1111111111111111,0.984,0.6649746192893401,0.8,0.19512195121951217,123,2,64,8,False
0.977,0.1111111111111111,0.984,0.6649746192893401,0.8,0.19512195121951217,123,2,64,8,False
0.978,0.1111111111111111,0.984,0.6649746192893401,0.8,0.19512195121951217,123,2,64,8,False
0.979,0.09722222222222222,0.984,0.6598984771573604,0.7777777777777778,0.17283950617283952,123,2,65,7,False
0.98,0.08333333333333333,0.984,0.6548223350253807,0.75,0.15,123,2,66,6,False
0.981,0.08333333333333333,0.984,0.6548223350253807,0.75,0.15,123,2,66,6,False
0.982,0.08333333333333333,0.984,0.6548223350253807,0.75,0.15,123,2,66,6,False
0.983,0.06944444444444445,0.984,0.649746192893401,0.7142857142857143,0.12658227848101267,123,2,67,5,False
0.984,0.041666666666666664,0.984,0.6395939086294417,0.6,0.07792207792207792,123,2,69,3,False
0.985,0.041666666666666664,0.992,0.6446700507614214,0.75,0.07894736842105264,124,1,69,3,False
0.986,0.027777777777777776,1.0,0.6446700507614214,1.0,0.05405405405405406,125,0,70,2,False
0.987,0.027777777777777776,1.0,0.6446700507614214,1.0,0.05405405405405406,125,0,70,2,False
0.988,0.027777777777777776,1.0,0.6446700507614214,1.0,0.05405405405405406,125,0,70,2,False
0.989,0.013888888888888888,1.0,0.6395939086294417,1.0,0.0273972602739726,125,0,71,1,False
0.99,0.0,1.0,0.6345177664974619,0.0,0.0,125,0,72,0,False
0.991,0.0,1.0,0.6345177664974619,0.0,0.0,125,0,72,0,False
0.992,0.0,1.0,0.6345177664974619,0.0,0.0,125,0,72,0,False
0.993,0.0,1.0,0.6345177664974619,0.0,0.0,125,0,72,0,False
0.994,0.0,1.0,0.6345177664974619,0.0,0.0,125,0,72,0,False
0.995,0.0,1.0,0.6345177664974619,0.0,0.0,125,0,72,0,False
0.996,0.0,1.0,0.6345177664974619,0.0,0.0,125,0,72,0,False
0.997,0.0,1.0,0.6345177664974619,0.0,0.0,125,0,72,0,False
0.998,0.0,1.0,0.6345177664974619,0.0,0.0,125,0,72,0,False
0.999,0.0,1.0,0.6345177664974619,0.0,0.0,125,0,72,0,False
1.0,0.0,1.0,0.6345177664974619,0.0,0.0,125,0,72,0,False
